지역재고현황,202606,3aq,비알코리아(주),230377,체리쥬빌레 PREPACK,100ml,1029900,양구지역,390,480,0,588,282,1429,20260101,30,일반매장용품,빙과
지역재고현황,202606,3aq,비알코리아(주),230377,체리쥬빌레 PREPACK,100ml,1039900,인제지역,421,930,0,820,531,1429,20260101,30,일반매장용품,빙과
지역재고현황,202606,3aq,비알코리아(주),230377,체리쥬빌레 PREPACK,100ml,1069900,속초지역,560,1710,0,1514,756,1429,20260101,30,일반매장용품,빙과
지역재고현황,202606,3aq,비알코리아(주),230377,체리쥬빌레 PREPACK,100ml,1079900,(공)18지역반(강릉),0,150,0,124,26,1429,20260101,30,일반매장용품,빙과
지역재고현황,202606,3aq,비알코리아(주),230377,체리쥬빌레 PREPACK,100ml,1129900,화천지역,487,720,0,852,355,1429,20260101,30,일반매장용품,빙과
지역재고현황,202606,3aq,비알코리아(주),230377,체리쥬빌레 PREPACK,100ml,1139900,사창리지역,449,420,0,508,361,1429,20260101,30,일반매장용품,빙과
지역재고현황,202606,3aq,비알코리아(주),230377,체리쥬빌레 PREPACK,100ml,1149900,춘천지역,171,1050,0,822,399,1429,20260101,30,일반매장용품,빙과
지역재고현황,202606,3aq,비알코리아(주),230377,체리쥬빌레 PREPACK,100ml,1159900,원주지역,718,1380,0,1412,686,1429,20260101,30,일반매장용품,빙과
지역재고현황,202606,3aq,비알코리아(주),230377,체리쥬빌레 PREPACK,100ml,1169900,양평지역,351,870,0,856,365,1429,20260101,30,일반매장용품,빙과
지역재고현황,202606,3aq,비알코리아(주),230377,체리쥬빌레 PREPACK,100ml,1179900,(공)8지역반(원주),18,180,0,127,71,1429,20260101,30,일반매장용품,빙과
지역재고현황,202606,3aq,비알코리아(주),230377,체리쥬빌레 PREPACK,100ml,2029900,대전지역,531,1140,0,1240,431,1429,20260101,30,일반매장용품,빙과
지역재고현황,202606,3aq,비알코리아(주),230377,체리쥬빌레 PREPACK,100ml,2039900,조치원지역,416,1500,0,1386,530,1429,20260101,30,일반매장용품,빙과
지역재고현황,202606,3aq,비알코리아(주),230377,체리쥬빌레 PREPACK,100ml,2049900,증평지역,269,450,0,478,241,1429,20260101,30,일반매장용품,빙과
지역재고현황,202606,3aq,비알코리아(주),230377,체리쥬빌레 PREPACK,100ml,2059900,대전지역반,38,150,0,117,71,1429,20260101,30,일반매장용품,빙과
지역재고현황,202606,3aq,비알코리아(주),230377,체리쥬빌레 PREPACK,100ml,2069900,(공)17지역반(청주),84,210,0,118,176,1429,20260101,30,일반매장용품,빙과
지역재고현황,202606,3aq,비알코리아(주),230377,체리쥬빌레 PREPACK,100ml,2079900,(공)19지역반(충주),59,150,0,114,95,1429,20260101,30,일반매장용품,빙과
지역재고현황,202606,3aq,비알코리아(주),230377,체리쥬빌레 PREPACK,100ml,2089900,(공)20지역반(서산),57,210,0,161,106,1429,20260101,30,일반매장용품,빙과
지역재고현황,202606,3aq,비알코리아(주),230377,체리쥬빌레 PREPACK,100ml,2099900,(공)공사지역반(청주),67,120,0,118,69,1429,20260101,30,일반매장용품,빙과
지역재고현황,202606,3aq,비알코리아(주),230377,체리쥬빌레 PREPACK,100ml,2129900,안동지역,74,450,0,376,148,1429,20260101,30,일반매장용품,빙과
지역재고현황,202606,3aq,비알코리아(주),230377,체리쥬빌레 PREPACK,100ml,2139900,대구지역,518,2220,0,1991,747,1429,20260101,30,일반매장용품,빙과
지역재고현황,202606,3aq,비알코리아(주),230377,체리쥬빌레 PREPACK,100ml,2149900,(공)11지구대(대구),164,450,0,371,243,1429,20260101,30,일반매장용품,빙과
지역재고현황,202606,3aq,비알코리아(주),230377,체리쥬빌레 PREPACK,100ml,2159900,(공)16지구대(예천),76,120,0,73,123,1429,20260101,30,일반매장용품,빙과
지역재고현황,202606,3aq,비알코리아(주),230377,체리쥬빌레 PREPACK,100ml,2169900,(공)군수사분견(대구),0,90,0,63,27,1429,20260101,30,일반매장용품,빙과
지역재고현황,202606,3aq,비알코리아(주),230377,체리쥬빌레 PREPACK,100ml,2229900,광주지역,723,990,0,1028,685,1429,20260101,30,일반매장용품,빙과
지역재고현황,202606,3aq,비알코리아(주),230377,체리쥬빌레 PREPACK,100ml,2239900,전주지역,511,483,0,497,497,1429,20260101,30,일반매장용품,빙과
지역재고현황,202606,3aq,비알코리아(주),230377,체리쥬빌레 PREPACK,100ml,2249900,(공)1지역반(광주),162,30,0,106,86,1429,20260101,30,일반매장용품,빙과
지역재고현황,202606,3aq,비알코리아(주),230377,체리쥬빌레 PREPACK,100ml,3029900,포천지역,484,720,0,608,596,1429,20260101,30,일반매장용품,빙과
지역재고현황,202606,3aq,비알코리아(주),230377,체리쥬빌레 PREPACK,100ml,3039900,철원지역,724,750,0,738,736,1429,20260101,30,일반매장용품,빙과
지역재고현황,202606,3aq,비알코리아(주),230377,체리쥬빌레 PREPACK,100ml,3049900,가평지역,645,810,0,887,568,1429,20260101,30,일반매장용품,빙과
지역재고현황,202606,3aq,비알코리아(주),230377,체리쥬빌레 PREPACK,100ml,3129900,연천지역,318,660,0,603,375,1429,20260101,30,일반매장용품,빙과
지역재고현황,202606,3aq,비알코리아(주),230377,체리쥬빌레 PREPACK,100ml,3139900,양주지역,508,540,0,522,526,1429,20260101,30,일반매장용품,빙과
지역재고현황,202606,3aq,비알코리아(주),230377,체리쥬빌레 PREPACK,100ml,3149900,덕정지역,356,1140,0,1100,396,1429,20260101,30,일반매장용품,빙과
지역재고현황,202606,3aq,비알코리아(주),230377,체리쥬빌레 PREPACK,100ml,3159900,전곡지역,272,540,0,576,236,1429,20260101,30,일반매장용품,빙과
지역재고현황,202606,3aq,비알코리아(주),230377,체리쥬빌레 PREPACK,100ml,3229900,파주지역,373,750,0,745,378,1429,20260101,30,일반매장용품,빙과
지역재고현황,202606,3aq,비알코리아(주),230377,체리쥬빌레 PREPACK,100ml,3239900,일산지역,241,810,0,753,298,1429,20260101,30,일반매장용품,빙과
지역재고현황,202606,3aq,비알코리아(주),230377,체리쥬빌레 PREPACK,100ml,3249900,벽제지역,319,1080,0,1101,298,1429,20260101,30,일반매장용품,빙과
지역재고현황,202606,3aq,비알코리아(주),230377,체리쥬빌레 PREPACK,100ml,3269900,인천지역,459,1230,0,1403,286,1429,20260101,30,일반매장용품,빙과
지역재고현황,202606,3aq,비알코리아(주),230377,체리쥬빌레 PREPACK,100ml,3289900,고양지역,282,1170,0,1196,256,1429,20260101,30,일반매장용품,빙과
지역재고현황,202606,3aq,비알코리아(주),230377,체리쥬빌레 PREPACK,100ml,3429900,과천지역,357,1395,0,1240,512,1429,20260101,30,일반매장용품,빙과
지역재고현황,202606,3aq,비알코리아(주),230377,체리쥬빌레 PREPACK,100ml,3449900,용인지역,364,2580,0,2370,574,1429,20260101,30,일반매장용품,빙과
지역재고현황,202606,3aq,비알코리아(주),230377,체리쥬빌레 PREPACK,100ml,3459900,(공)수원지역반,121,870,0,816,175,1429,20260101,30,일반매장용품,빙과
지역재고현황,202606,3aq,비알코리아(주),230377,체리쥬빌레 PREPACK,100ml,3469900,서울지역,313,1860,0,1881,292,1429,20260101,30,일반매장용품,빙과
지역재고현황,202606,3aq,비알코리아(주),230377,체리쥬빌레 PREPACK,100ml,3479900,강북지역,287,1860,0,1859,288,1429,20260101,30,일반매장용품,빙과
지역재고현황,202606,3aq,비알코리아(주),230377,체리쥬빌레 PREPACK,100ml,3499900,(공)서울공군지역반,194,1290,0,1201,283,1429,20260101,30,일반매장용품,빙과
지역재고현황,202606,3aq,비알코리아(주),230377,체리쥬빌레 PREPACK,100ml,4019900,부산경남지역대,336,900,0,888,348,1429,20260101,30,일반매장용품,빙과
지역재고현황,202606,3aq,비알코리아(주),230377,체리쥬빌레 PREPACK,100ml,4029900,창원지역,392,480,0,437,435,1429,20260101,30,일반매장용품,빙과
지역재고현황,202606,3aq,비알코리아(주),230377,체리쥬빌레 PREPACK,100ml,4039900,(공)3지구대(사천),68,30,0,91,7,1429,20260101,30,일반매장용품,빙과
지역재고현황,202606,3aq,비알코리아(주),230377,체리쥬빌레 PREPACK,100ml,4049900,(공)5지구대(김해),105,840,0,654,291,1429,20260101,30,일반매장용품,빙과
지역재고현황,202606,3aq,비알코리아(주),230377,체리쥬빌레 PREPACK,100ml,4059900,(공)교육사지구대(진주),59,90,0,129,20,1429,20260101,30,일반매장용품,빙과
지역재고현황,202606,3aq,비알코리아(주),230377,체리쥬빌레 PREPACK,100ml,4069900,(해)부산지구대,119,600,0,643,76,1429,20260101,30,일반매장용품,빙과
지역재고현황,202606,3aq,비알코리아(주),230377,체리쥬빌레 PREPACK,100ml,4079900,(해)부산진해지구대,79,300,0,276,103,1429,20260101,30,일반매장용품,빙과
지역재고현황,202606,3aq,비알코리아(주),230378,아몬드 봉봉 PREPACK,100ml,1029900,양구지역,219,660,0,585,294,1429,20260101,30,일반매장용품,빙과
지역재고현황,202606,3aq,비알코리아(주),230378,아몬드 봉봉 PREPACK,100ml,1039900,인제지역,492,1380,0,1151,721,1429,20260101,30,일반매장용품,빙과
지역재고현황,202606,3aq,비알코리아(주),230378,아몬드 봉봉 PREPACK,100ml,1069900,속초지역,581,1920,0,1761,740,1429,20260101,30,일반매장용품,빙과
지역재고현황,202606,3aq,비알코리아(주),230378,아몬드 봉봉 PREPACK,100ml,1079900,(공)18지역반(강릉),24,240,0,230,34,1429,20260101,30,일반매장용품,빙과
지역재고현황,202606,3aq,비알코리아(주),230378,아몬드 봉봉 PREPACK,100ml,1129900,화천지역,430,780,0,811,399,1429,20260101,30,일반매장용품,빙과
지역재고현황,202606,3aq,비알코리아(주),230378,아몬드 봉봉 PREPACK,100ml,1139900,사창리지역,394,600,0,519,475,1429,20260101,30,일반매장용품,빙과
지역재고현황,202606,3aq,비알코리아(주),230378,아몬드 봉봉 PREPACK,100ml,1149900,춘천지역,187,1080,0,862,405,1429,20260101,30,일반매장용품,빙과
지역재고현황,202606,3aq,비알코리아(주),230378,아몬드 봉봉 PREPACK,100ml,1159900,원주지역,619,1650,0,1596,673,1429,20260101,30,일반매장용품,빙과
지역재고현황,202606,3aq,비알코리아(주),230378,아몬드 봉봉 PREPACK,100ml,1169900,양평지역,240,1350,0,1191,399,1429,20260101,30,일반매장용품,빙과
지역재고현황,202606,3aq,비알코리아(주),230378,아몬드 봉봉 PREPACK,100ml,1179900,(공)8지역반(원주),33,90,0,56,67,1429,20260101,30,일반매장용품,빙과
지역재고현황,202606,3aq,비알코리아(주),230378,아몬드 봉봉 PREPACK,100ml,2029900,대전지역,457,1800,0,1723,534,1429,20260101,30,일반매장용품,빙과
지역재고현황,202606,3aq,비알코리아(주),230378,아몬드 봉봉 PREPACK,100ml,2039900,조치원지역,457,1590,0,1491,556,1429,20260101,30,일반매장용품,빙과
지역재고현황,202606,3aq,비알코리아(주),230378,아몬드 봉봉 PREPACK,100ml,2049900,증평지역,238,600,0,603,235,1429,20260101,30,일반매장용품,빙과
지역재고현황,202606,3aq,비알코리아(주),230378,아몬드 봉봉 PREPACK,100ml,2059900,대전지역반,19,120,0,105,34,1429,20260101,30,일반매장용품,빙과
지역재고현황,202606,3aq,비알코리아(주),230378,아몬드 봉봉 PREPACK,100ml,2069900,(공)17지역반(청주),79,240,0,226,93,1429,20260101,30,일반매장용품,빙과
지역재고현황,202606,3aq,비알코리아(주),230378,아몬드 봉봉 PREPACK,100ml,2079900,(공)19지역반(충주),34,150,0,136,48,1429,20260101,30,일반매장용품,빙과
지역재고현황,202606,3aq,비알코리아(주),230378,아몬드 봉봉 PREPACK,100ml,2089900,(공)20지역반(서산),27,330,0,224,133,1429,20260101,30,일반매장용품,빙과
지역재고현황,202606,3aq,비알코리아(주),230378,아몬드 봉봉 PREPACK,100ml,2099900,(공)공사지역반(청주),71,150,0,169,52,1429,20260101,30,일반매장용품,빙과
지역재고현황,202606,3aq,비알코리아(주),230378,아몬드 봉봉 PREPACK,100ml,2129900,안동지역,88,480,0,352,216,1429,20260101,30,일반매장용품,빙과
지역재고현황,202606,3aq,비알코리아(주),230378,아몬드 봉봉 PREPACK,100ml,2139900,대구지역,325,2100,0,1894,531,1429,20260101,30,일반매장용품,빙과
지역재고현황,202606,3aq,비알코리아(주),230378,아몬드 봉봉 PREPACK,100ml,2149900,(공)11지구대(대구),33,360,0,356,37,1429,20260101,30,일반매장용품,빙과
지역재고현황,202606,3aq,비알코리아(주),230378,아몬드 봉봉 PREPACK,100ml,2159900,(공)16지구대(예천),41,120,0,82,79,1429,20260101,30,일반매장용품,빙과
지역재고현황,202606,3aq,비알코리아(주),230378,아몬드 봉봉 PREPACK,100ml,2169900,(공)군수사분견(대구),30,30,0,60,0,1429,20260101,30,일반매장용품,빙과
지역재고현황,202606,3aq,비알코리아(주),230378,아몬드 봉봉 PREPACK,100ml,2229900,광주지역,1116,900,0,1156,860,1429,20260101,30,일반매장용품,빙과
지역재고현황,202606,3aq,비알코리아(주),230378,아몬드 봉봉 PREPACK,100ml,2239900,전주지역,542,540,0,563,519,1429,20260101,30,일반매장용품,빙과
지역재고현황,202606,3aq,비알코리아(주),230378,아몬드 봉봉 PREPACK,100ml,2249900,(공)1지역반(광주),190,0,0,113,77,1429,20260101,30,일반매장용품,빙과
지역재고현황,202606,3aq,비알코리아(주),230378,아몬드 봉봉 PREPACK,100ml,3029900,포천지역,465,1140,0,1002,603,1429,20260101,30,일반매장용품,빙과
지역재고현황,202606,3aq,비알코리아(주),230378,아몬드 봉봉 PREPACK,100ml,3039900,철원지역,407,1110,0,918,599,1429,20260101,30,일반매장용품,빙과
지역재고현황,202606,3aq,비알코리아(주),230378,아몬드 봉봉 PREPACK,100ml,3049900,가평지역,507,1290,0,1241,556,1429,20260101,30,일반매장용품,빙과
지역재고현황,202606,3aq,비알코리아(주),230378,아몬드 봉봉 PREPACK,100ml,3129900,연천지역,316,780,0,825,271,1429,20260101,30,일반매장용품,빙과
지역재고현황,202606,3aq,비알코리아(주),230378,아몬드 봉봉 PREPACK,100ml,3139900,양주지역,540,990,0,790,740,1429,20260101,30,일반매장용품,빙과
지역재고현황,202606,3aq,비알코리아(주),230378,아몬드 봉봉 PREPACK,100ml,3149900,덕정지역,273,1200,0,1154,319,1429,20260101,30,일반매장용품,빙과
지역재고현황,202606,3aq,비알코리아(주),230378,아몬드 봉봉 PREPACK,100ml,3159900,전곡지역,309,420,0,476,253,1429,20260101,30,일반매장용품,빙과
지역재고현황,202606,3aq,비알코리아(주),230378,아몬드 봉봉 PREPACK,100ml,3229900,파주지역,346,1260,0,1193,413,1429,20260101,30,일반매장용품,빙과
지역재고현황,202606,3aq,비알코리아(주),230378,아몬드 봉봉 PREPACK,100ml,3239900,일산지역,303,1050,0,979,374,1429,20260101,30,일반매장용품,빙과
지역재고현황,202606,3aq,비알코리아(주),230378,아몬드 봉봉 PREPACK,100ml,3249900,벽제지역,263,1260,0,1208,315,1429,20260101,30,일반매장용품,빙과
지역재고현황,202606,3aq,비알코리아(주),230378,아몬드 봉봉 PREPACK,100ml,3259900,(공)벽제분견반,0,90,0,41,49,1429,20260101,30,일반매장용품,빙과
지역재고현황,202606,3aq,비알코리아(주),230378,아몬드 봉봉 PREPACK,100ml,3269900,인천지역,363,1500,0,1563,300,1429,20260101,30,일반매장용품,빙과
지역재고현황,202606,3aq,비알코리아(주),230378,아몬드 봉봉 PREPACK,100ml,3289900,고양지역,382,840,0,1067,155,1429,20260101,30,일반매장용품,빙과
지역재고현황,202606,3aq,비알코리아(주),230378,아몬드 봉봉 PREPACK,100ml,3429900,과천지역,393,1425,0,1427,391,1429,20260101,30,일반매장용품,빙과
지역재고현황,202606,3aq,비알코리아(주),230378,아몬드 봉봉 PREPACK,100ml,3449900,용인지역,464,2550,0,2385,629,1429,20260101,30,일반매장용품,빙과
지역재고현황,202606,3aq,비알코리아(주),230378,아몬드 봉봉 PREPACK,100ml,3459900,(공)수원지역반,145,960,0,879,226,1429,20260101,30,일반매장용품,빙과
지역재고현황,202606,3aq,비알코리아(주),230378,아몬드 봉봉 PREPACK,100ml,3469900,서울지역,362,1710,0,1819,253,1429,20260101,30,일반매장용품,빙과
지역재고현황,202606,3aq,비알코리아(주),230378,아몬드 봉봉 PREPACK,100ml,3479900,강북지역,286,1650,0,1662,274,1429,20260101,30,일반매장용품,빙과
지역재고현황,202606,3aq,비알코리아(주),230378,아몬드 봉봉 PREPACK,100ml,3499900,(공)서울공군지역반,106,1110,0,1064,152,1429,20260101,30,일반매장용품,빙과
지역재고현황,202606,3aq,비알코리아(주),230378,아몬드 봉봉 PREPACK,100ml,4019900,부산경남지역대,259,1110,0,944,425,1429,20260101,30,일반매장용품,빙과
지역재고현황,202606,3aq,비알코리아(주),230378,아몬드 봉봉 PREPACK,100ml,4029900,창원지역,293,690,0,650,333,1429,20260101,30,일반매장용품,빙과
지역재고현황,202606,3aq,비알코리아(주),230378,아몬드 봉봉 PREPACK,100ml,4039900,(공)3지구대(사천),1,150,0,151,0,1429,20260101,30,일반매장용품,빙과
지역재고현황,202606,3aq,비알코리아(주),230378,아몬드 봉봉 PREPACK,100ml,4049900,(공)5지구대(김해),20,900,0,713,207,1429,20260101,30,일반매장용품,빙과
지역재고현황,202606,3aq,비알코리아(주),230378,아몬드 봉봉 PREPACK,100ml,4059900,(공)교육사지구대(진주),16,210,0,166,60,1429,20260101,30,일반매장용품,빙과
지역재고현황,202606,3aq,비알코리아(주),230378,아몬드 봉봉 PREPACK,100ml,4069900,(해)부산지구대,122,420,0,493,49,1429,20260101,30,일반매장용품,빙과
지역재고현황,202606,3aq,비알코리아(주),230378,아몬드 봉봉 PREPACK,100ml,4079900,(해)부산진해지구대,21,330,0,297,54,1429,20260101,30,일반매장용품,빙과
지역재고현황,202606,3aq,비알코리아(주),230379,뉴욕 치즈케이크 PREPACK,100ml,1029900,양구지역,376,675,0,694,357,1429,20260101,30,일반매장용품,빙과
지역재고현황,202606,3aq,비알코리아(주),230379,뉴욕 치즈케이크 PREPACK,100ml,1039900,인제지역,463,1200,0,1108,555,1429,20260101,30,일반매장용품,빙과
지역재고현황,202606,3aq,비알코리아(주),230379,뉴욕 치즈케이크 PREPACK,100ml,1069900,속초지역,533,1710,0,1677,566,1429,20260101,30,일반매장용품,빙과
지역재고현황,202606,3aq,비알코리아(주),230379,뉴욕 치즈케이크 PREPACK,100ml,1079900,(공)18지역반(강릉),0,210,0,173,37,1429,20260101,30,일반매장용품,빙과
지역재고현황,202606,3aq,비알코리아(주),230379,뉴욕 치즈케이크 PREPACK,100ml,1129900,화천지역,577,630,0,811,396,1429,20260101,30,일반매장용품,빙과
지역재고현황,202606,3aq,비알코리아(주),230379,뉴욕 치즈케이크 PREPACK,100ml,1139900,사창리지역,383,720,0,621,482,1429,20260101,30,일반매장용품,빙과
지역재고현황,202606,3aq,비알코리아(주),230379,뉴욕 치즈케이크 PREPACK,100ml,1149900,춘천지역,85,990,0,832,243,1429,20260101,30,일반매장용품,빙과
지역재고현황,202606,3aq,비알코리아(주),230379,뉴욕 치즈케이크 PREPACK,100ml,1159900,원주지역,633,1740,0,1711,662,1429,20260101,30,일반매장용품,빙과
지역재고현황,202606,3aq,비알코리아(주),230379,뉴욕 치즈케이크 PREPACK,100ml,1169900,양평지역,260,1080,0,1062,278,1429,20260101,30,일반매장용품,빙과
지역재고현황,202606,3aq,비알코리아(주),230379,뉴욕 치즈케이크 PREPACK,100ml,1179900,(공)8지역반(원주),35,30,0,33,32,1429,20260101,30,일반매장용품,빙과
지역재고현황,202606,3aq,비알코리아(주),230379,뉴욕 치즈케이크 PREPACK,100ml,2029900,대전지역,531,1200,0,1359,372,1429,20260101,30,일반매장용품,빙과
지역재고현황,202606,3aq,비알코리아(주),230379,뉴욕 치즈케이크 PREPACK,100ml,2039900,조치원지역,354,1590,0,1414,530,1429,20260101,30,일반매장용품,빙과
지역재고현황,202606,3aq,비알코리아(주),230379,뉴욕 치즈케이크 PREPACK,100ml,2049900,증평지역,208,570,0,592,186,1429,20260101,30,일반매장용품,빙과
지역재고현황,202606,3aq,비알코리아(주),230379,뉴욕 치즈케이크 PREPACK,100ml,2059900,대전지역반,33,120,0,111,42,1429,20260101,30,일반매장용품,빙과
지역재고현황,202606,3aq,비알코리아(주),230379,뉴욕 치즈케이크 PREPACK,100ml,2069900,(공)17지역반(청주),57,180,0,159,78,1429,20260101,30,일반매장용품,빙과
지역재고현황,202606,3aq,비알코리아(주),230379,뉴욕 치즈케이크 PREPACK,100ml,2079900,(공)19지역반(충주),15,150,0,108,57,1429,20260101,30,일반매장용품,빙과
지역재고현황,202606,3aq,비알코리아(주),230379,뉴욕 치즈케이크 PREPACK,100ml,2089900,(공)20지역반(서산),23,270,0,246,47,1429,20260101,30,일반매장용품,빙과
지역재고현황,202606,3aq,비알코리아(주),230379,뉴욕 치즈케이크 PREPACK,100ml,2099900,(공)공사지역반(청주),90,120,0,171,39,1429,20260101,30,일반매장용품,빙과
지역재고현황,202606,3aq,비알코리아(주),230379,뉴욕 치즈케이크 PREPACK,100ml,2129900,안동지역,59,660,0,482,237,1429,20260101,30,일반매장용품,빙과
지역재고현황,202606,3aq,비알코리아(주),230379,뉴욕 치즈케이크 PREPACK,100ml,2139900,대구지역,408,2010,0,1803,615,1429,20260101,30,일반매장용품,빙과
지역재고현황,202606,3aq,비알코리아(주),230379,뉴욕 치즈케이크 PREPACK,100ml,2149900,(공)11지구대(대구),1,210,0,162,49,1429,20260101,30,일반매장용품,빙과
지역재고현황,202606,3aq,비알코리아(주),230379,뉴욕 치즈케이크 PREPACK,100ml,2159900,(공)16지구대(예천),34,180,0,98,116,1429,20260101,30,일반매장용품,빙과
지역재고현황,202606,3aq,비알코리아(주),230379,뉴욕 치즈케이크 PREPACK,100ml,2169900,(공)군수사분견(대구),30,60,0,72,18,1429,20260101,30,일반매장용품,빙과
지역재고현황,202606,3aq,비알코리아(주),230379,뉴욕 치즈케이크 PREPACK,100ml,2229900,광주지역,840,900,0,1039,701,1429,20260101,30,일반매장용품,빙과
지역재고현황,202606,3aq,비알코리아(주),230379,뉴욕 치즈케이크 PREPACK,100ml,2239900,전주지역,478,630,0,592,516,1429,20260101,30,일반매장용품,빙과
지역재고현황,202606,3aq,비알코리아(주),230379,뉴욕 치즈케이크 PREPACK,100ml,2249900,(공)1지역반(광주),186,120,0,185,121,1429,20260101,30,일반매장용품,빙과
지역재고현황,202606,3aq,비알코리아(주),230379,뉴욕 치즈케이크 PREPACK,100ml,3029900,포천지역,523,810,0,717,616,1429,20260101,30,일반매장용품,빙과
지역재고현황,202606,3aq,비알코리아(주),230379,뉴욕 치즈케이크 PREPACK,100ml,3039900,철원지역,512,1260,0,1207,565,1429,20260101,30,일반매장용품,빙과
지역재고현황,202606,3aq,비알코리아(주),230379,뉴욕 치즈케이크 PREPACK,100ml,3049900,가평지역,457,990,0,981,466,1429,20260101,30,일반매장용품,빙과
지역재고현황,202606,3aq,비알코리아(주),230379,뉴욕 치즈케이크 PREPACK,100ml,3129900,연천지역,309,780,0,829,260,1429,20260101,30,일반매장용품,빙과
지역재고현황,202606,3aq,비알코리아(주),230379,뉴욕 치즈케이크 PREPACK,100ml,3139900,양주지역,492,810,0,706,596,1429,20260101,30,일반매장용품,빙과
지역재고현황,202606,3aq,비알코리아(주),230379,뉴욕 치즈케이크 PREPACK,100ml,3149900,덕정지역,246,1290,0,1221,315,1429,20260101,30,일반매장용품,빙과
지역재고현황,202606,3aq,비알코리아(주),230379,뉴욕 치즈케이크 PREPACK,100ml,3159900,전곡지역,233,570,0,562,241,1429,20260101,30,일반매장용품,빙과
지역재고현황,202606,3aq,비알코리아(주),230379,뉴욕 치즈케이크 PREPACK,100ml,3229900,파주지역,452,1140,0,1187,405,1429,20260101,30,일반매장용품,빙과
지역재고현황,202606,3aq,비알코리아(주),230379,뉴욕 치즈케이크 PREPACK,100ml,3239900,일산지역,273,930,0,968,235,1429,20260101,30,일반매장용품,빙과
지역재고현황,202606,3aq,비알코리아(주),230379,뉴욕 치즈케이크 PREPACK,100ml,3249900,벽제지역,294,1260,0,1306,248,1429,20260101,30,일반매장용품,빙과
지역재고현황,202606,3aq,비알코리아(주),230379,뉴욕 치즈케이크 PREPACK,100ml,3269900,인천지역,434,1560,0,1684,310,1429,20260101,30,일반매장용품,빙과
지역재고현황,202606,3aq,비알코리아(주),230379,뉴욕 치즈케이크 PREPACK,100ml,3289900,고양지역,390,900,0,984,306,1429,20260101,30,일반매장용품,빙과
지역재고현황,202606,3aq,비알코리아(주),230379,뉴욕 치즈케이크 PREPACK,100ml,3429900,과천지역,425,1335,0,1398,362,1429,20260101,30,일반매장용품,빙과
지역재고현황,202606,3aq,비알코리아(주),230379,뉴욕 치즈케이크 PREPACK,100ml,3449900,용인지역,435,2640,0,2424,651,1429,20260101,30,일반매장용품,빙과
지역재고현황,202606,3aq,비알코리아(주),230379,뉴욕 치즈케이크 PREPACK,100ml,3459900,(공)수원지역반,101,780,0,762,119,1429,20260101,30,일반매장용품,빙과
지역재고현황,202606,3aq,비알코리아(주),230379,뉴욕 치즈케이크 PREPACK,100ml,3469900,서울지역,208,1800,0,1734,274,1429,20260101,30,일반매장용품,빙과
지역재고현황,202606,3aq,비알코리아(주),230379,뉴욕 치즈케이크 PREPACK,100ml,3479900,강북지역,307,1710,0,1612,405,1429,20260101,30,일반매장용품,빙과
지역재고현황,202606,3aq,비알코리아(주),230379,뉴욕 치즈케이크 PREPACK,100ml,3499900,(공)서울공군지역반,153,1290,0,1189,254,1429,20260101,30,일반매장용품,빙과
지역재고현황,202606,3aq,비알코리아(주),230379,뉴욕 치즈케이크 PREPACK,100ml,4019900,부산경남지역대,406,930,0,836,500,1429,20260101,30,일반매장용품,빙과
지역재고현황,202606,3aq,비알코리아(주),230379,뉴욕 치즈케이크 PREPACK,100ml,4029900,창원지역,326,690,0,673,343,1429,20260101,30,일반매장용품,빙과
지역재고현황,202606,3aq,비알코리아(주),230379,뉴욕 치즈케이크 PREPACK,100ml,4039900,(공)3지구대(사천),45,60,0,98,7,1429,20260101,30,일반매장용품,빙과
지역재고현황,202606,3aq,비알코리아(주),230379,뉴욕 치즈케이크 PREPACK,100ml,4049900,(공)5지구대(김해),31,900,0,669,262,1429,20260101,30,일반매장용품,빙과
지역재고현황,202606,3aq,비알코리아(주),230379,뉴욕 치즈케이크 PREPACK,100ml,4059900,(공)교육사지구대(진주),69,60,0,111,18,1429,20260101,30,일반매장용품,빙과
지역재고현황,202606,3aq,비알코리아(주),230379,뉴욕 치즈케이크 PREPACK,100ml,4069900,(해)부산지구대,73,450,0,398,125,1429,20260101,30,일반매장용품,빙과
지역재고현황,202606,3aq,비알코리아(주),230379,뉴욕 치즈케이크 PREPACK,100ml,4079900,(해)부산진해지구대,64,120,0,100,84,1429,20260101,30,일반매장용품,빙과
지역재고현황,202606,3aq,비알코리아(주),230380,아이스크림 콘 바닐라봉봉,150ml,1029900,양구지역,239,528,0,509,258,1522,20260101,24,일반매장용품,빙과
지역재고현황,202606,3aq,비알코리아(주),230380,아이스크림 콘 바닐라봉봉,150ml,1039900,인제지역,279,768,0,772,275,1522,20260101,24,일반매장용품,빙과
지역재고현황,202606,3aq,비알코리아(주),230380,아이스크림 콘 바닐라봉봉,150ml,1069900,속초지역,294,1104,0,1026,372,1522,20260101,24,일반매장용품,빙과
지역재고현황,202606,3aq,비알코리아(주),230380,아이스크림 콘 바닐라봉봉,150ml,1079900,(공)18지역반(강릉),0,168,0,156,12,1522,20260101,24,일반매장용품,빙과
지역재고현황,202606,3aq,비알코리아(주),230380,아이스크림 콘 바닐라봉봉,150ml,1129900,화천지역,327,384,0,472,239,1522,20260101,24,일반매장용품,빙과
지역재고현황,202606,3aq,비알코리아(주),230380,아이스크림 콘 바닐라봉봉,150ml,1139900,사창리지역,100,528,0,441,187,1522,20260101,24,일반매장용품,빙과
지역재고현황,202606,3aq,비알코리아(주),230380,아이스크림 콘 바닐라봉봉,150ml,1149900,춘천지역,106,816,0,678,244,1522,20260101,24,일반매장용품,빙과
지역재고현황,202606,3aq,비알코리아(주),230380,아이스크림 콘 바닐라봉봉,150ml,1159900,원주지역,244,1656,0,1623,277,1522,20260101,24,일반매장용품,빙과
지역재고현황,202606,3aq,비알코리아(주),230380,아이스크림 콘 바닐라봉봉,150ml,1169900,양평지역,169,864,0,797,236,1522,20260101,24,일반매장용품,빙과
지역재고현황,202606,3aq,비알코리아(주),230380,아이스크림 콘 바닐라봉봉,150ml,1179900,(공)8지역반(원주),13,168,0,130,51,1522,20260101,24,일반매장용품,빙과
지역재고현황,202606,3aq,비알코리아(주),230380,아이스크림 콘 바닐라봉봉,150ml,2029900,대전지역,347,1080,0,1154,273,1522,20260101,24,일반매장용품,빙과
지역재고현황,202606,3aq,비알코리아(주),230380,아이스크림 콘 바닐라봉봉,150ml,2039900,조치원지역,291,1272,0,1202,361,1522,20260101,24,일반매장용품,빙과
지역재고현황,202606,3aq,비알코리아(주),230380,아이스크림 콘 바닐라봉봉,150ml,2049900,증평지역,161,576,0,587,150,1522,20260101,24,일반매장용품,빙과
지역재고현황,202606,3aq,비알코리아(주),230380,아이스크림 콘 바닐라봉봉,150ml,2059900,대전지역반,14,96,0,68,42,1522,20260101,24,일반매장용품,빙과
지역재고현황,202606,3aq,비알코리아(주),230380,아이스크림 콘 바닐라봉봉,150ml,2069900,(공)17지역반(청주),32,240,0,170,102,1522,20260101,24,일반매장용품,빙과
지역재고현황,202606,3aq,비알코리아(주),230380,아이스크림 콘 바닐라봉봉,150ml,2079900,(공)19지역반(충주),42,192,0,169,65,1522,20260101,24,일반매장용품,빙과
지역재고현황,202606,3aq,비알코리아(주),230380,아이스크림 콘 바닐라봉봉,150ml,2089900,(공)20지역반(서산),6,240,0,197,49,1522,20260101,24,일반매장용품,빙과
지역재고현황,202606,3aq,비알코리아(주),230380,아이스크림 콘 바닐라봉봉,150ml,2099900,(공)공사지역반(청주),11,96,0,72,35,1522,20260101,24,일반매장용품,빙과
지역재고현황,202606,3aq,비알코리아(주),230380,아이스크림 콘 바닐라봉봉,150ml,2129900,안동지역,64,312,0,276,100,1522,20260101,24,일반매장용품,빙과
지역재고현황,202606,3aq,비알코리아(주),230380,아이스크림 콘 바닐라봉봉,150ml,2139900,대구지역,237,1344,0,1320,261,1522,20260101,24,일반매장용품,빙과
지역재고현황,202606,3aq,비알코리아(주),230380,아이스크림 콘 바닐라봉봉,150ml,2149900,(공)11지구대(대구),24,312,0,294,42,1522,20260101,24,일반매장용품,빙과
지역재고현황,202606,3aq,비알코리아(주),230380,아이스크림 콘 바닐라봉봉,150ml,2159900,(공)16지구대(예천),65,48,0,85,28,1522,20260101,24,일반매장용품,빙과
지역재고현황,202606,3aq,비알코리아(주),230380,아이스크림 콘 바닐라봉봉,150ml,2169900,(공)군수사분견(대구),24,48,0,58,14,1522,20260101,24,일반매장용품,빙과
지역재고현황,202606,3aq,비알코리아(주),230380,아이스크림 콘 바닐라봉봉,150ml,2229900,광주지역,710,792,0,1146,356,1522,20260101,24,일반매장용품,빙과
지역재고현황,202606,3aq,비알코리아(주),230380,아이스크림 콘 바닐라봉봉,150ml,2239900,전주지역,323,504,0,539,288,1522,20260101,24,일반매장용품,빙과
지역재고현황,202606,3aq,비알코리아(주),230380,아이스크림 콘 바닐라봉봉,150ml,2249900,(공)1지역반(광주),79,192,0,165,106,1522,20260101,24,일반매장용품,빙과
지역재고현황,202606,3aq,비알코리아(주),230380,아이스크림 콘 바닐라봉봉,150ml,3029900,포천지역,330,960,0,935,355,1522,20260101,24,일반매장용품,빙과
지역재고현황,202606,3aq,비알코리아(주),230380,아이스크림 콘 바닐라봉봉,150ml,3039900,철원지역,225,672,0,662,235,1522,20260101,24,일반매장용품,빙과
지역재고현황,202606,3aq,비알코리아(주),230380,아이스크림 콘 바닐라봉봉,150ml,3049900,가평지역,354,1104,0,1071,387,1522,20260101,24,일반매장용품,빙과
지역재고현황,202606,3aq,비알코리아(주),230380,아이스크림 콘 바닐라봉봉,150ml,3129900,연천지역,120,504,0,497,127,1522,20260101,24,일반매장용품,빙과
지역재고현황,202606,3aq,비알코리아(주),230380,아이스크림 콘 바닐라봉봉,150ml,3139900,양주지역,197,480,0,456,221,1522,20260101,24,일반매장용품,빙과
지역재고현황,202606,3aq,비알코리아(주),230380,아이스크림 콘 바닐라봉봉,150ml,3149900,덕정지역,190,1056,0,950,296,1522,20260101,24,일반매장용품,빙과
지역재고현황,202606,3aq,비알코리아(주),230380,아이스크림 콘 바닐라봉봉,150ml,3159900,전곡지역,118,528,0,444,202,1522,20260101,24,일반매장용품,빙과
지역재고현황,202606,3aq,비알코리아(주),230380,아이스크림 콘 바닐라봉봉,150ml,3229900,파주지역,223,720,0,691,252,1522,20260101,24,일반매장용품,빙과
지역재고현황,202606,3aq,비알코리아(주),230380,아이스크림 콘 바닐라봉봉,150ml,3239900,일산지역,115,720,0,686,149,1522,20260101,24,일반매장용품,빙과
지역재고현황,202606,3aq,비알코리아(주),230380,아이스크림 콘 바닐라봉봉,150ml,3249900,벽제지역,121,912,0,902,131,1522,20260101,24,일반매장용품,빙과
지역재고현황,202606,3aq,비알코리아(주),230380,아이스크림 콘 바닐라봉봉,150ml,3259900,(공)벽제분견반,23,0,0,5,18,1522,20260101,24,일반매장용품,빙과
지역재고현황,202606,3aq,비알코리아(주),230380,아이스크림 콘 바닐라봉봉,150ml,3269900,인천지역,234,744,0,858,120,1522,20260101,24,일반매장용품,빙과
지역재고현황,202606,3aq,비알코리아(주),230380,아이스크림 콘 바닐라봉봉,150ml,3289900,고양지역,34,408,0,388,54,1522,20260101,24,일반매장용품,빙과
지역재고현황,202606,3aq,비알코리아(주),230380,아이스크림 콘 바닐라봉봉,150ml,3429900,과천지역,251,912,0,965,198,1522,20260101,24,일반매장용품,빙과
지역재고현황,202606,3aq,비알코리아(주),230380,아이스크림 콘 바닐라봉봉,150ml,3449900,용인지역,204,1776,0,1676,304,1522,20260101,24,일반매장용품,빙과
지역재고현황,202606,3aq,비알코리아(주),230380,아이스크림 콘 바닐라봉봉,150ml,3459900,(공)수원지역반,51,600,0,611,40,1522,20260101,24,일반매장용품,빙과
지역재고현황,202606,3aq,비알코리아(주),230380,아이스크림 콘 바닐라봉봉,150ml,3469900,서울지역,185,1056,0,1077,164,1522,20260101,24,일반매장용품,빙과
지역재고현황,202606,3aq,비알코리아(주),230380,아이스크림 콘 바닐라봉봉,150ml,3479900,강북지역,160,696,0,730,126,1522,20260101,24,일반매장용품,빙과
지역재고현황,202606,3aq,비알코리아(주),230380,아이스크림 콘 바닐라봉봉,150ml,3499900,(공)서울공군지역반,46,720,0,740,26,1522,20260101,24,일반매장용품,빙과
지역재고현황,202606,3aq,비알코리아(주),230380,아이스크림 콘 바닐라봉봉,150ml,4019900,부산경남지역대,182,528,0,600,110,1522,20260101,24,일반매장용품,빙과
지역재고현황,202606,3aq,비알코리아(주),230380,아이스크림 콘 바닐라봉봉,150ml,4029900,창원지역,235,432,0,491,176,1522,20260101,24,일반매장용품,빙과
지역재고현황,202606,3aq,비알코리아(주),230380,아이스크림 콘 바닐라봉봉,150ml,4039900,(공)3지구대(사천),62,0,0,61,1,1522,20260101,24,일반매장용품,빙과
지역재고현황,202606,3aq,비알코리아(주),230380,아이스크림 콘 바닐라봉봉,150ml,4049900,(공)5지구대(김해),25,312,0,291,46,1522,20260101,24,일반매장용품,빙과
지역재고현황,202606,3aq,비알코리아(주),230380,아이스크림 콘 바닐라봉봉,150ml,4059900,(공)교육사지구대(진주),35,48,0,83,0,1522,20260101,24,일반매장용품,빙과
지역재고현황,202606,3aq,비알코리아(주),230380,아이스크림 콘 바닐라봉봉,150ml,4069900,(해)부산지구대,33,240,0,250,23,1522,20260101,24,일반매장용품,빙과
지역재고현황,202606,3aq,비알코리아(주),230380,아이스크림 콘 바닐라봉봉,150ml,4079900,(해)부산진해지구대,79,360,0,322,117,1522,20260101,24,일반매장용품,빙과
지역재고현황,202606,3aq,비알코리아(주),230381,아이스크림 콘 초코봉봉,150ml,1029900,양구지역,202,408,0,422,188,1522,20260101,24,일반매장용품,빙과
지역재고현황,202606,3aq,비알코리아(주),230381,아이스크림 콘 초코봉봉,150ml,1039900,인제지역,213,1008,0,884,337,1522,20260101,24,일반매장용품,빙과
지역재고현황,202606,3aq,비알코리아(주),230381,아이스크림 콘 초코봉봉,150ml,1069900,속초지역,285,1248,0,1200,333,1522,20260101,24,일반매장용품,빙과
지역재고현황,202606,3aq,비알코리아(주),230381,아이스크림 콘 초코봉봉,150ml,1079900,(공)18지역반(강릉),0,168,0,155,13,1522,20260101,24,일반매장용품,빙과
지역재고현황,202606,3aq,비알코리아(주),230381,아이스크림 콘 초코봉봉,150ml,1129900,화천지역,232,504,0,592,144,1522,20260101,24,일반매장용품,빙과
지역재고현황,202606,3aq,비알코리아(주),230381,아이스크림 콘 초코봉봉,150ml,1139900,사창리지역,175,480,0,449,206,1522,20260101,24,일반매장용품,빙과
지역재고현황,202606,3aq,비알코리아(주),230381,아이스크림 콘 초코봉봉,150ml,1149900,춘천지역,105,792,0,628,269,1522,20260101,24,일반매장용품,빙과
지역재고현황,202606,3aq,비알코리아(주),230381,아이스크림 콘 초코봉봉,150ml,1159900,원주지역,170,1104,0,988,286,1522,20260101,24,일반매장용품,빙과
지역재고현황,202606,3aq,비알코리아(주),230381,아이스크림 콘 초코봉봉,150ml,1169900,양평지역,109,672,0,658,123,1522,20260101,24,일반매장용품,빙과
지역재고현황,202606,3aq,비알코리아(주),230381,아이스크림 콘 초코봉봉,150ml,1179900,(공)8지역반(원주),13,96,0,86,23,1522,20260101,24,일반매장용품,빙과
지역재고현황,202606,3aq,비알코리아(주),230381,아이스크림 콘 초코봉봉,150ml,2029900,대전지역,444,888,0,1111,221,1522,20260101,24,일반매장용품,빙과
지역재고현황,202606,3aq,비알코리아(주),230381,아이스크림 콘 초코봉봉,150ml,2039900,조치원지역,267,1128,0,1023,372,1522,20260101,24,일반매장용품,빙과
지역재고현황,202606,3aq,비알코리아(주),230381,아이스크림 콘 초코봉봉,150ml,2049900,증평지역,73,528,0,477,124,1522,20260101,24,일반매장용품,빙과
지역재고현황,202606,3aq,비알코리아(주),230381,아이스크림 콘 초코봉봉,150ml,2059900,대전지역반,13,96,0,94,15,1522,20260101,24,일반매장용품,빙과
지역재고현황,202606,3aq,비알코리아(주),230381,아이스크림 콘 초코봉봉,150ml,2069900,(공)17지역반(청주),29,192,0,140,81,1522,20260101,24,일반매장용품,빙과
지역재고현황,202606,3aq,비알코리아(주),230381,아이스크림 콘 초코봉봉,150ml,2079900,(공)19지역반(충주),39,144,0,152,31,1522,20260101,24,일반매장용품,빙과
지역재고현황,202606,3aq,비알코리아(주),230381,아이스크림 콘 초코봉봉,150ml,2089900,(공)20지역반(서산),0,192,0,172,20,1522,20260101,24,일반매장용품,빙과
지역재고현황,202606,3aq,비알코리아(주),230381,아이스크림 콘 초코봉봉,150ml,2099900,(공)공사지역반(청주),31,72,0,69,34,1522,20260101,24,일반매장용품,빙과
지역재고현황,202606,3aq,비알코리아(주),230381,아이스크림 콘 초코봉봉,150ml,2129900,안동지역,48,240,0,212,76,1522,20260101,24,일반매장용품,빙과
지역재고현황,202606,3aq,비알코리아(주),230381,아이스크림 콘 초코봉봉,150ml,2139900,대구지역,241,1560,0,1295,506,1522,20260101,24,일반매장용품,빙과
지역재고현황,202606,3aq,비알코리아(주),230381,아이스크림 콘 초코봉봉,150ml,2149900,(공)11지구대(대구),20,336,0,327,29,1522,20260101,24,일반매장용품,빙과
지역재고현황,202606,3aq,비알코리아(주),230381,아이스크림 콘 초코봉봉,150ml,2159900,(공)16지구대(예천),28,96,0,76,48,1522,20260101,24,일반매장용품,빙과
지역재고현황,202606,3aq,비알코리아(주),230381,아이스크림 콘 초코봉봉,150ml,2169900,(공)군수사분견(대구),24,48,0,55,17,1522,20260101,24,일반매장용품,빙과
지역재고현황,202606,3aq,비알코리아(주),230381,아이스크림 콘 초코봉봉,150ml,2229900,광주지역,558,600,0,773,385,1522,20260101,24,일반매장용품,빙과
지역재고현황,202606,3aq,비알코리아(주),230381,아이스크림 콘 초코봉봉,150ml,2239900,전주지역,131,624,0,478,277,1522,20260101,24,일반매장용품,빙과
지역재고현황,202606,3aq,비알코리아(주),230381,아이스크림 콘 초코봉봉,150ml,2249900,(공)1지역반(광주),82,144,0,144,82,1522,20260101,24,일반매장용품,빙과
지역재고현황,202606,3aq,비알코리아(주),230381,아이스크림 콘 초코봉봉,150ml,3029900,포천지역,179,864,0,822,221,1522,20260101,24,일반매장용품,빙과
지역재고현황,202606,3aq,비알코리아(주),230381,아이스크림 콘 초코봉봉,150ml,3039900,철원지역,248,1320,0,1109,459,1522,20260101,24,일반매장용품,빙과
지역재고현황,202606,3aq,비알코리아(주),230381,아이스크림 콘 초코봉봉,150ml,3049900,가평지역,263,984,0,942,305,1522,20260101,24,일반매장용품,빙과
지역재고현황,202606,3aq,비알코리아(주),230381,아이스크림 콘 초코봉봉,150ml,3129900,연천지역,91,720,0,694,117,1522,20260101,24,일반매장용품,빙과
지역재고현황,202606,3aq,비알코리아(주),230381,아이스크림 콘 초코봉봉,150ml,3139900,양주지역,170,504,0,436,238,1522,20260101,24,일반매장용품,빙과
지역재고현황,202606,3aq,비알코리아(주),230381,아이스크림 콘 초코봉봉,150ml,3149900,덕정지역,174,1032,0,958,248,1522,20260101,24,일반매장용품,빙과
지역재고현황,202606,3aq,비알코리아(주),230381,아이스크림 콘 초코봉봉,150ml,3159900,전곡지역,118,504,0,478,144,1522,20260101,24,일반매장용품,빙과
지역재고현황,202606,3aq,비알코리아(주),230381,아이스크림 콘 초코봉봉,150ml,3229900,파주지역,176,672,0,665,183,1522,20260101,24,일반매장용품,빙과
지역재고현황,202606,3aq,비알코리아(주),230381,아이스크림 콘 초코봉봉,150ml,3239900,일산지역,107,792,0,787,112,1522,20260101,24,일반매장용품,빙과
지역재고현황,202606,3aq,비알코리아(주),230381,아이스크림 콘 초코봉봉,150ml,3249900,벽제지역,133,624,0,658,99,1522,20260101,24,일반매장용품,빙과
지역재고현황,202606,3aq,비알코리아(주),230381,아이스크림 콘 초코봉봉,150ml,3259900,(공)벽제분견반,13,0,0,12,1,1522,20260101,24,일반매장용품,빙과
지역재고현황,202606,3aq,비알코리아(주),230381,아이스크림 콘 초코봉봉,150ml,3269900,인천지역,163,552,0,555,160,1522,20260101,24,일반매장용품,빙과
지역재고현황,202606,3aq,비알코리아(주),230381,아이스크림 콘 초코봉봉,150ml,3289900,고양지역,43,288,0,237,94,1522,20260101,24,일반매장용품,빙과
지역재고현황,202606,3aq,비알코리아(주),230381,아이스크림 콘 초코봉봉,150ml,3429900,과천지역,223,744,0,783,184,1522,20260101,24,일반매장용품,빙과
지역재고현황,202606,3aq,비알코리아(주),230381,아이스크림 콘 초코봉봉,150ml,3449900,용인지역,314,1392,0,1424,282,1522,20260101,24,일반매장용품,빙과
지역재고현황,202606,3aq,비알코리아(주),230381,아이스크림 콘 초코봉봉,150ml,3459900,(공)수원지역반,46,360,0,371,35,1522,20260101,24,일반매장용품,빙과
지역재고현황,202606,3aq,비알코리아(주),230381,아이스크림 콘 초코봉봉,150ml,3469900,서울지역,187,912,0,975,124,1522,20260101,24,일반매장용품,빙과
지역재고현황,202606,3aq,비알코리아(주),230381,아이스크림 콘 초코봉봉,150ml,3479900,강북지역,120,672,0,646,146,1522,20260101,24,일반매장용품,빙과
지역재고현황,202606,3aq,비알코리아(주),230381,아이스크림 콘 초코봉봉,150ml,3499900,(공)서울공군지역반,42,552,0,576,18,1522,20260101,24,일반매장용품,빙과
지역재고현황,202606,3aq,비알코리아(주),230381,아이스크림 콘 초코봉봉,150ml,4019900,부산경남지역대,180,408,0,410,178,1522,20260101,24,일반매장용품,빙과
지역재고현황,202606,3aq,비알코리아(주),230381,아이스크림 콘 초코봉봉,150ml,4029900,창원지역,180,624,0,585,219,1522,20260101,24,일반매장용품,빙과
지역재고현황,202606,3aq,비알코리아(주),230381,아이스크림 콘 초코봉봉,150ml,4039900,(공)3지구대(사천),98,72,0,170,0,1522,20260101,24,일반매장용품,빙과
지역재고현황,202606,3aq,비알코리아(주),230381,아이스크림 콘 초코봉봉,150ml,4049900,(공)5지구대(김해),77,408,0,301,184,1522,20260101,24,일반매장용품,빙과
지역재고현황,202606,3aq,비알코리아(주),230381,아이스크림 콘 초코봉봉,150ml,4059900,(공)교육사지구대(진주),60,48,0,97,11,1522,20260101,24,일반매장용품,빙과
지역재고현황,202606,3aq,비알코리아(주),230381,아이스크림 콘 초코봉봉,150ml,4069900,(해)부산지구대,60,216,0,205,71,1522,20260101,24,일반매장용품,빙과
지역재고현황,202606,3aq,비알코리아(주),230381,아이스크림 콘 초코봉봉,150ml,4079900,(해)부산진해지구대,78,288,0,226,140,1522,20260101,24,일반매장용품,빙과
지역재고현황,202606,3aq,비알코리아(주),240385,던킨 아메리카노,400ml,1029900,양구지역,272,344,0,308,308,1049,20260101,24,일반매장용품,음료
지역재고현황,202606,3aq,비알코리아(주),240385,던킨 아메리카노,400ml,1039900,인제지역,979,576,0,923,632,1049,20260101,24,일반매장용품,음료
지역재고현황,202606,3aq,비알코리아(주),240385,던킨 아메리카노,400ml,1069900,속초지역,505,864,0,789,580,1049,20260101,24,일반매장용품,음료
지역재고현황,202606,3aq,비알코리아(주),240385,던킨 아메리카노,400ml,1079900,(공)18지역반(강릉),1,192,0,113,80,1049,20260101,24,일반매장용품,음료
지역재고현황,202606,3aq,비알코리아(주),240385,던킨 아메리카노,400ml,1129900,화천지역,484,384,0,509,359,1049,20260101,24,일반매장용품,음료
지역재고현황,202606,3aq,비알코리아(주),240385,던킨 아메리카노,400ml,1139900,사창리지역,304,216,0,219,301,1049,20260101,24,일반매장용품,음료
지역재고현황,202606,3aq,비알코리아(주),240385,던킨 아메리카노,400ml,1149900,춘천지역,259,648,0,540,367,1049,20260101,24,일반매장용품,음료
지역재고현황,202606,3aq,비알코리아(주),240385,던킨 아메리카노,400ml,1159900,원주지역,763,504,0,635,632,1049,20260101,24,일반매장용품,음료
지역재고현황,202606,3aq,비알코리아(주),240385,던킨 아메리카노,400ml,1169900,양평지역,434,384,0,410,408,1049,20260101,24,일반매장용품,음료
지역재고현황,202606,3aq,비알코리아(주),240385,던킨 아메리카노,400ml,1179900,(공)8지역반(원주),45,0,0,17,28,1049,20260101,24,일반매장용품,음료
지역재고현황,202606,3aq,비알코리아(주),240385,던킨 아메리카노,400ml,2029900,대전지역,470,1110,0,938,642,1049,20260101,24,일반매장용품,음료
지역재고현황,202606,3aq,비알코리아(주),240385,던킨 아메리카노,400ml,2039900,조치원지역,820,1488,0,1735,573,1049,20260101,24,일반매장용품,음료
지역재고현황,202606,3aq,비알코리아(주),240385,던킨 아메리카노,400ml,2049900,증평지역,414,408,0,416,406,1049,20260101,24,일반매장용품,음료
지역재고현황,202606,3aq,비알코리아(주),240385,던킨 아메리카노,400ml,2059900,대전지역반,143,144,0,144,143,1049,20260101,24,일반매장용품,음료
지역재고현황,202606,3aq,비알코리아(주),240385,던킨 아메리카노,400ml,2069900,(공)17지역반(청주),197,72,0,150,119,1049,20260101,24,일반매장용품,음료
지역재고현황,202606,3aq,비알코리아(주),240385,던킨 아메리카노,400ml,2079900,(공)19지역반(충주),54,48,0,61,41,1049,20260101,24,일반매장용품,음료
지역재고현황,202606,3aq,비알코리아(주),240385,던킨 아메리카노,400ml,2089900,(공)20지역반(서산),12,72,0,69,15,1049,20260101,24,일반매장용품,음료
지역재고현황,202606,3aq,비알코리아(주),240385,던킨 아메리카노,400ml,2099900,(공)공사지역반(청주),106,144,0,152,98,1049,20260101,24,일반매장용품,음료
지역재고현황,202606,3aq,비알코리아(주),240385,던킨 아메리카노,400ml,2129900,안동지역,189,202,0,179,212,1049,20260101,24,일반매장용품,음료
지역재고현황,202606,3aq,비알코리아(주),240385,던킨 아메리카노,400ml,2139900,대구지역,442,888,0,760,570,1049,20260101,24,일반매장용품,음료
지역재고현황,202606,3aq,비알코리아(주),240385,던킨 아메리카노,400ml,2149900,(공)11지구대(대구),48,288,0,273,63,1049,20260101,24,일반매장용품,음료
지역재고현황,202606,3aq,비알코리아(주),240385,던킨 아메리카노,400ml,2159900,(공)16지구대(예천),87,72,0,77,82,1049,20260101,24,일반매장용품,음료
지역재고현황,202606,3aq,비알코리아(주),240385,던킨 아메리카노,400ml,2169900,(공)군수사분견(대구),96,0,0,32,64,1049,20260101,24,일반매장용품,음료
지역재고현황,202606,3aq,비알코리아(주),240385,던킨 아메리카노,400ml,2229900,광주지역,1118,480,24,668,906,1049,20260101,24,일반매장용품,음료
지역재고현황,202606,3aq,비알코리아(주),240385,던킨 아메리카노,400ml,2239900,전주지역,472,240,0,330,382,1049,20260101,24,일반매장용품,음료
지역재고현황,202606,3aq,비알코리아(주),240385,던킨 아메리카노,400ml,2249900,(공)1지역반(광주),61,240,0,186,115,1049,20260101,24,일반매장용품,음료
지역재고현황,202606,3aq,비알코리아(주),240385,던킨 아메리카노,400ml,3029900,포천지역,533,708,0,452,789,1049,20260101,24,일반매장용품,음료
지역재고현황,202606,3aq,비알코리아(주),240385,던킨 아메리카노,400ml,3039900,철원지역,635,528,0,621,542,1049,20260101,24,일반매장용품,음료
지역재고현황,202606,3aq,비알코리아(주),240385,던킨 아메리카노,400ml,3049900,가평지역,658,552,0,521,689,1049,20260101,24,일반매장용품,음료
지역재고현황,202606,3aq,비알코리아(주),240385,던킨 아메리카노,400ml,3129900,연천지역,362,336,0,374,324,1049,20260101,24,일반매장용품,음료
지역재고현황,202606,3aq,비알코리아(주),240385,던킨 아메리카노,400ml,3139900,양주지역,574,456,0,580,450,1049,20260101,24,일반매장용품,음료
지역재고현황,202606,3aq,비알코리아(주),240385,던킨 아메리카노,400ml,3149900,덕정지역,311,576,0,507,380,1049,20260101,24,일반매장용품,음료
지역재고현황,202606,3aq,비알코리아(주),240385,던킨 아메리카노,400ml,3159900,전곡지역,442,216,0,395,263,1049,20260101,24,일반매장용품,음료
지역재고현황,202606,3aq,비알코리아(주),240385,던킨 아메리카노,400ml,3229900,파주지역,557,576,0,603,530,1049,20260101,24,일반매장용품,음료
지역재고현황,202606,3aq,비알코리아(주),240385,던킨 아메리카노,400ml,3239900,일산지역,249,312,0,288,273,1049,20260101,24,일반매장용품,음료
지역재고현황,202606,3aq,비알코리아(주),240385,던킨 아메리카노,400ml,3249900,벽제지역,459,600,0,580,479,1049,20260101,24,일반매장용품,음료
지역재고현황,202606,3aq,비알코리아(주),240385,던킨 아메리카노,400ml,3259900,(공)벽제분견반,19,0,0,13,6,1049,20260101,24,일반매장용품,음료
지역재고현황,202606,3aq,비알코리아(주),240385,던킨 아메리카노,400ml,3269900,인천지역,530,312,0,669,173,1049,20260101,24,일반매장용품,음료
지역재고현황,202606,3aq,비알코리아(주),240385,던킨 아메리카노,400ml,3289900,고양지역,64,312,0,292,84,1049,20260101,24,일반매장용품,음료
지역재고현황,202606,3aq,비알코리아(주),240385,던킨 아메리카노,400ml,3429900,과천지역,352,552,0,671,233,1049,20260101,24,일반매장용품,음료
지역재고현황,202606,3aq,비알코리아(주),240385,던킨 아메리카노,400ml,3449900,용인지역,443,1056,0,1077,422,1049,20260101,24,일반매장용품,음료
지역재고현황,202606,3aq,비알코리아(주),240385,던킨 아메리카노,400ml,3459900,(공)수원지역반,299,408,0,475,232,1049,20260101,24,일반매장용품,음료
지역재고현황,202606,3aq,비알코리아(주),240385,던킨 아메리카노,400ml,3469900,서울지역,388,312,0,477,223,1049,20260101,24,일반매장용품,음료
지역재고현황,202606,3aq,비알코리아(주),240385,던킨 아메리카노,400ml,3479900,강북지역,354,312,0,455,211,1049,20260101,24,일반매장용품,음료
지역재고현황,202606,3aq,비알코리아(주),240385,던킨 아메리카노,400ml,3499900,(공)서울공군지역반,214,480,0,624,70,1049,20260101,24,일반매장용품,음료
지역재고현황,202606,3aq,비알코리아(주),240385,던킨 아메리카노,400ml,4019900,부산경남지역대,292,336,0,349,279,1049,20260101,24,일반매장용품,음료
지역재고현황,202606,3aq,비알코리아(주),240385,던킨 아메리카노,400ml,4029900,창원지역,380,336,0,338,378,1049,20260101,24,일반매장용품,음료
지역재고현황,202606,3aq,비알코리아(주),240385,던킨 아메리카노,400ml,4039900,(공)3지구대(사천),168,0,0,41,127,1049,20260101,24,일반매장용품,음료
지역재고현황,202606,3aq,비알코리아(주),240385,던킨 아메리카노,400ml,4049900,(공)5지구대(김해),43,96,0,37,102,1049,20260101,24,일반매장용품,음료
지역재고현황,202606,3aq,비알코리아(주),240385,던킨 아메리카노,400ml,4059900,(공)교육사지구대(진주),95,0,0,95,0,1049,20260101,24,일반매장용품,음료
지역재고현황,202606,3aq,비알코리아(주),240385,던킨 아메리카노,400ml,4069900,(해)부산지구대,48,48,0,50,46,1049,20260101,24,일반매장용품,음료
지역재고현황,202606,3aq,비알코리아(주),240385,던킨 아메리카노,400ml,4079900,(해)부산진해지구대,15,120,0,41,94,1049,20260101,24,일반매장용품,음료
지역재고현황,202606,3aq,비알코리아(주),250425,던킨에스프레소블렌드캡슐,5g*20ea,1029900,양구지역,48,38,0,47,39,5132,20260101,30,일반매장용품,식품
지역재고현황,202606,3aq,비알코리아(주),250425,던킨에스프레소블렌드캡슐,5g*20ea,1039900,인제지역,199,65,0,69,195,5132,20260101,30,일반매장용품,식품
지역재고현황,202606,3aq,비알코리아(주),250425,던킨에스프레소블렌드캡슐,5g*20ea,1069900,속초지역,181,214,0,186,209,5132,20260101,30,일반매장용품,식품
지역재고현황,202606,3aq,비알코리아(주),250425,던킨에스프레소블렌드캡슐,5g*20ea,1079900,(공)18지역반(강릉),4,40,0,23,21,5132,20260101,30,일반매장용품,식품
지역재고현황,202606,3aq,비알코리아(주),250425,던킨에스프레소블렌드캡슐,5g*20ea,1129900,화천지역,106,16,0,38,84,5132,20260101,30,일반매장용품,식품
지역재고현황,202606,3aq,비알코리아(주),250425,던킨에스프레소블렌드캡슐,5g*20ea,1139900,사창리지역,74,20,0,42,52,5132,20260101,30,일반매장용품,식품
지역재고현황,202606,3aq,비알코리아(주),250425,던킨에스프레소블렌드캡슐,5g*20ea,1149900,춘천지역,220,220,0,201,239,5132,20260101,30,일반매장용품,식품
지역재고현황,202606,3aq,비알코리아(주),250425,던킨에스프레소블렌드캡슐,5g*20ea,1159900,원주지역,290,170,0,179,281,5132,20260101,30,일반매장용품,식품
지역재고현황,202606,3aq,비알코리아(주),250425,던킨에스프레소블렌드캡슐,5g*20ea,1169900,양평지역,213,65,0,98,180,5132,20260101,30,일반매장용품,식품
지역재고현황,202606,3aq,비알코리아(주),250425,던킨에스프레소블렌드캡슐,5g*20ea,1179900,(공)8지역반(원주),54,0,0,16,38,5132,20260101,30,일반매장용품,식품
지역재고현황,202606,3aq,비알코리아(주),250425,던킨에스프레소블렌드캡슐,5g*20ea,2029900,대전지역,293,381,0,309,365,5132,20260101,30,일반매장용품,식품
지역재고현황,202606,3aq,비알코리아(주),250425,던킨에스프레소블렌드캡슐,5g*20ea,2039900,조치원지역,234,272,0,267,239,5132,20260101,30,일반매장용품,식품
지역재고현황,202606,3aq,비알코리아(주),250425,던킨에스프레소블렌드캡슐,5g*20ea,2049900,증평지역,90,32,0,58,64,5132,20260101,30,일반매장용품,식품
지역재고현황,202606,3aq,비알코리아(주),250425,던킨에스프레소블렌드캡슐,5g*20ea,2059900,대전지역반,36,30,0,25,41,5132,20260101,30,일반매장용품,식품
지역재고현황,202606,3aq,비알코리아(주),250425,던킨에스프레소블렌드캡슐,5g*20ea,2069900,(공)17지역반(청주),14,40,0,24,30,5132,20260101,30,일반매장용품,식품
지역재고현황,202606,3aq,비알코리아(주),250425,던킨에스프레소블렌드캡슐,5g*20ea,2079900,(공)19지역반(충주),3,50,0,25,28,5132,20260101,30,일반매장용품,식품
지역재고현황,202606,3aq,비알코리아(주),250425,던킨에스프레소블렌드캡슐,5g*20ea,2089900,(공)20지역반(서산),22,30,0,36,16,5132,20260101,30,일반매장용품,식품
지역재고현황,202606,3aq,비알코리아(주),250425,던킨에스프레소블렌드캡슐,5g*20ea,2099900,(공)공사지역반(청주),44,10,0,25,29,5132,20260101,30,일반매장용품,식품
지역재고현황,202606,3aq,비알코리아(주),250425,던킨에스프레소블렌드캡슐,5g*20ea,2129900,안동지역,43,45,0,58,30,5132,20260101,30,일반매장용품,식품
지역재고현황,202606,3aq,비알코리아(주),250425,던킨에스프레소블렌드캡슐,5g*20ea,2139900,대구지역,186,211,0,154,243,5132,20260101,30,일반매장용품,식품
지역재고현황,202606,3aq,비알코리아(주),250425,던킨에스프레소블렌드캡슐,5g*20ea,2149900,(공)11지구대(대구),39,65,0,52,52,5132,20260101,30,일반매장용품,식품
지역재고현황,202606,3aq,비알코리아(주),250425,던킨에스프레소블렌드캡슐,5g*20ea,2159900,(공)16지구대(예천),29,0,0,19,10,5132,20260101,30,일반매장용품,식품
지역재고현황,202606,3aq,비알코리아(주),250425,던킨에스프레소블렌드캡슐,5g*20ea,2169900,(공)군수사분견(대구),1,20,0,6,15,5132,20260101,30,일반매장용품,식품
지역재고현황,202606,3aq,비알코리아(주),250425,던킨에스프레소블렌드캡슐,5g*20ea,2229900,광주지역,242,133,0,145,230,5132,20260101,30,일반매장용품,식품
지역재고현황,202606,3aq,비알코리아(주),250425,던킨에스프레소블렌드캡슐,5g*20ea,2239900,전주지역,129,65,0,43,151,5132,20260101,30,일반매장용품,식품
지역재고현황,202606,3aq,비알코리아(주),250425,던킨에스프레소블렌드캡슐,5g*20ea,2249900,(공)1지역반(광주),6,60,0,15,51,5132,20260101,30,일반매장용품,식품
지역재고현황,202606,3aq,비알코리아(주),250425,던킨에스프레소블렌드캡슐,5g*20ea,3029900,포천지역,259,35,4,76,214,5132,20260101,30,일반매장용품,식품
지역재고현황,202606,3aq,비알코리아(주),250425,던킨에스프레소블렌드캡슐,5g*20ea,3039900,철원지역,97,50,0,38,109,5132,20260101,30,일반매장용품,식품
지역재고현황,202606,3aq,비알코리아(주),250425,던킨에스프레소블렌드캡슐,5g*20ea,3049900,가평지역,349,50,3,129,267,5132,20260101,30,일반매장용품,식품
지역재고현황,202606,3aq,비알코리아(주),250425,던킨에스프레소블렌드캡슐,5g*20ea,3129900,연천지역,96,60,0,50,106,5132,20260101,30,일반매장용품,식품
지역재고현황,202606,3aq,비알코리아(주),250425,던킨에스프레소블렌드캡슐,5g*20ea,3139900,양주지역,94,46,0,52,88,5132,20260101,30,일반매장용품,식품
지역재고현황,202606,3aq,비알코리아(주),250425,던킨에스프레소블렌드캡슐,5g*20ea,3149900,덕정지역,173,169,0,193,149,5132,20260101,30,일반매장용품,식품
지역재고현황,202606,3aq,비알코리아(주),250425,던킨에스프레소블렌드캡슐,5g*20ea,3159900,전곡지역,85,93,0,69,109,5132,20260101,30,일반매장용품,식품
지역재고현황,202606,3aq,비알코리아(주),250425,던킨에스프레소블렌드캡슐,5g*20ea,3229900,파주지역,110,123,0,95,138,5132,20260101,30,일반매장용품,식품
지역재고현황,202606,3aq,비알코리아(주),250425,던킨에스프레소블렌드캡슐,5g*20ea,3239900,일산지역,107,117,0,87,137,5132,20260101,30,일반매장용품,식품
지역재고현황,202606,3aq,비알코리아(주),250425,던킨에스프레소블렌드캡슐,5g*20ea,3249900,벽제지역,211,325,0,250,286,5132,20260101,30,일반매장용품,식품
지역재고현황,202606,3aq,비알코리아(주),250425,던킨에스프레소블렌드캡슐,5g*20ea,3259900,(공)벽제분견반,24,0,0,2,22,5132,20260101,30,일반매장용품,식품
지역재고현황,202606,3aq,비알코리아(주),250425,던킨에스프레소블렌드캡슐,5g*20ea,3269900,인천지역,256,127,1,207,175,5132,20260101,30,일반매장용품,식품
지역재고현황,202606,3aq,비알코리아(주),250425,던킨에스프레소블렌드캡슐,5g*20ea,3289900,고양지역,13,270,0,234,49,5132,20260101,30,일반매장용품,식품
지역재고현황,202606,3aq,비알코리아(주),250425,던킨에스프레소블렌드캡슐,5g*20ea,3429900,과천지역,334,230,0,264,300,5132,20260101,30,일반매장용품,식품
지역재고현황,202606,3aq,비알코리아(주),250425,던킨에스프레소블렌드캡슐,5g*20ea,3449900,용인지역,451,492,0,455,488,5132,20260101,30,일반매장용품,식품
지역재고현황,202606,3aq,비알코리아(주),250425,던킨에스프레소블렌드캡슐,5g*20ea,3459900,(공)수원지역반,136,120,0,123,133,5132,20260101,30,일반매장용품,식품
지역재고현황,202606,3aq,비알코리아(주),250425,던킨에스프레소블렌드캡슐,5g*20ea,3469900,서울지역,220,385,0,310,295,5132,20260101,30,일반매장용품,식품
지역재고현황,202606,3aq,비알코리아(주),250425,던킨에스프레소블렌드캡슐,5g*20ea,3479900,강북지역,232,340,0,305,267,5132,20260101,30,일반매장용품,식품
지역재고현황,202606,3aq,비알코리아(주),250425,던킨에스프레소블렌드캡슐,5g*20ea,3499900,(공)서울공군지역반,160,210,0,248,122,5132,20260101,30,일반매장용품,식품
지역재고현황,202606,3aq,비알코리아(주),250425,던킨에스프레소블렌드캡슐,5g*20ea,4019900,부산경남지역대,170,105,0,114,161,5132,20260101,30,일반매장용품,식품
지역재고현황,202606,3aq,비알코리아(주),250425,던킨에스프레소블렌드캡슐,5g*20ea,4029900,창원지역,130,80,0,66,144,5132,20260101,30,일반매장용품,식품
지역재고현황,202606,3aq,비알코리아(주),250425,던킨에스프레소블렌드캡슐,5g*20ea,4039900,(공)3지구대(사천),31,0,0,15,16,5132,20260101,30,일반매장용품,식품
지역재고현황,202606,3aq,비알코리아(주),250425,던킨에스프레소블렌드캡슐,5g*20ea,4049900,(공)5지구대(김해),58,60,0,64,54,5132,20260101,30,일반매장용품,식품
지역재고현황,202606,3aq,비알코리아(주),250425,던킨에스프레소블렌드캡슐,5g*20ea,4059900,(공)교육사지구대(진주),43,60,0,46,57,5132,20260101,30,일반매장용품,식품
지역재고현황,202606,3aq,비알코리아(주),250425,던킨에스프레소블렌드캡슐,5g*20ea,4069900,(해)부산지구대,54,30,0,52,32,5132,20260101,30,일반매장용품,식품
지역재고현황,202606,3aq,비알코리아(주),250425,던킨에스프레소블렌드캡슐,5g*20ea,4079900,(해)부산진해지구대,32,120,0,81,71,5132,20260101,30,일반매장용품,식품
지역재고현황,202606,3aq,비알코리아(주),250425,던킨에스프레소블렌드캡슐,5g*20ea,5099900,중앙아시아_아프리카,58,0,0,0,58,5132,20260101,30,일반매장용품,식품
지역재고현황,202606,3aq,비알코리아(주),250426,초콜릿무스큐브,55g,1029900,양구지역,253,70,0,95,228,1002,20260101,10,일반매장용품,감미품
지역재고현황,202606,3aq,비알코리아(주),250426,초콜릿무스큐브,55g,1039900,인제지역,298,270,0,225,343,1002,20260101,10,일반매장용품,감미품
지역재고현황,202606,3aq,비알코리아(주),250426,초콜릿무스큐브,55g,1069900,속초지역,347,356,0,342,361,1002,20260101,10,일반매장용품,감미품
지역재고현황,202606,3aq,비알코리아(주),250426,초콜릿무스큐브,55g,1079900,(공)18지역반(강릉),14,50,0,43,21,1002,20260101,10,일반매장용품,감미품
지역재고현황,202606,3aq,비알코리아(주),250426,초콜릿무스큐브,55g,1129900,화천지역,239,110,0,87,262,1002,20260101,10,일반매장용품,감미품
지역재고현황,202606,3aq,비알코리아(주),250426,초콜릿무스큐브,55g,1139900,사창리지역,180,100,0,92,188,1002,20260101,10,일반매장용품,감미품
지역재고현황,202606,3aq,비알코리아(주),250426,초콜릿무스큐브,55g,1149900,춘천지역,182,150,0,138,194,1002,20260101,10,일반매장용품,감미품
지역재고현황,202606,3aq,비알코리아(주),250426,초콜릿무스큐브,55g,1159900,원주지역,348,320,0,294,374,1002,20260101,10,일반매장용품,감미품
지역재고현황,202606,3aq,비알코리아(주),250426,초콜릿무스큐브,55g,1169900,양평지역,210,220,0,152,278,1002,20260101,10,일반매장용품,감미품
지역재고현황,202606,3aq,비알코리아(주),250426,초콜릿무스큐브,55g,1179900,(공)8지역반(원주),16,50,0,28,38,1002,20260101,10,일반매장용품,감미품
지역재고현황,202606,3aq,비알코리아(주),250426,초콜릿무스큐브,55g,2029900,대전지역,288,270,0,239,319,1002,20260101,10,일반매장용품,감미품
지역재고현황,202606,3aq,비알코리아(주),250426,초콜릿무스큐브,55g,2039900,조치원지역,373,440,0,445,368,1002,20260101,10,일반매장용품,감미품
지역재고현황,202606,3aq,비알코리아(주),250426,초콜릿무스큐브,55g,2049900,증평지역,165,130,0,153,142,1002,20260101,10,일반매장용품,감미품
지역재고현황,202606,3aq,비알코리아(주),250426,초콜릿무스큐브,55g,2059900,대전지역반,23,0,0,9,14,1002,20260101,10,일반매장용품,감미품
지역재고현황,202606,3aq,비알코리아(주),250426,초콜릿무스큐브,55g,2069900,(공)17지역반(청주),33,50,0,44,39,1002,20260101,10,일반매장용품,감미품
지역재고현황,202606,3aq,비알코리아(주),250426,초콜릿무스큐브,55g,2079900,(공)19지역반(충주),55,10,0,26,39,1002,20260101,10,일반매장용품,감미품
지역재고현황,202606,3aq,비알코리아(주),250426,초콜릿무스큐브,55g,2089900,(공)20지역반(서산),10,40,0,39,11,1002,20260101,10,일반매장용품,감미품
지역재고현황,202606,3aq,비알코리아(주),250426,초콜릿무스큐브,55g,2099900,(공)공사지역반(청주),70,0,0,22,48,1002,20260101,10,일반매장용품,감미품
지역재고현황,202606,3aq,비알코리아(주),250426,초콜릿무스큐브,55g,2129900,안동지역,96,110,0,100,106,1002,20260101,10,일반매장용품,감미품
지역재고현황,202606,3aq,비알코리아(주),250426,초콜릿무스큐브,55g,2139900,대구지역,282,390,0,354,318,1002,20260101,10,일반매장용품,감미품
지역재고현황,202606,3aq,비알코리아(주),250426,초콜릿무스큐브,55g,2149900,(공)11지구대(대구),52,30,0,43,39,1002,20260101,10,일반매장용품,감미품
지역재고현황,202606,3aq,비알코리아(주),250426,초콜릿무스큐브,55g,2159900,(공)16지구대(예천),8,40,0,25,23,1002,20260101,10,일반매장용품,감미품
지역재고현황,202606,3aq,비알코리아(주),250426,초콜릿무스큐브,55g,2169900,(공)군수사분견(대구),0,20,0,18,2,1002,20260101,10,일반매장용품,감미품
지역재고현황,202606,3aq,비알코리아(주),250426,초콜릿무스큐브,55g,2229900,광주지역,539,310,0,445,404,1002,20260101,10,일반매장용품,감미품
지역재고현황,202606,3aq,비알코리아(주),250426,초콜릿무스큐브,55g,2239900,전주지역,276,170,0,161,285,1002,20260101,10,일반매장용품,감미품
지역재고현황,202606,3aq,비알코리아(주),250426,초콜릿무스큐브,55g,2249900,(공)1지역반(광주),52,10,0,18,44,1002,20260101,10,일반매장용품,감미품
지역재고현황,202606,3aq,비알코리아(주),250426,초콜릿무스큐브,55g,3029900,포천지역,239,130,0,141,228,1002,20260101,10,일반매장용품,감미품
지역재고현황,202606,3aq,비알코리아(주),250426,초콜릿무스큐브,55g,3039900,철원지역,311,240,0,206,345,1002,20260101,10,일반매장용품,감미품
지역재고현황,202606,3aq,비알코리아(주),250426,초콜릿무스큐브,55g,3049900,가평지역,282,200,0,182,300,1002,20260101,10,일반매장용품,감미품
지역재고현황,202606,3aq,비알코리아(주),250426,초콜릿무스큐브,55g,3129900,연천지역,184,70,0,107,147,1002,20260101,10,일반매장용품,감미품
지역재고현황,202606,3aq,비알코리아(주),250426,초콜릿무스큐브,55g,3139900,양주지역,207,112,0,86,233,1002,20260101,10,일반매장용품,감미품
지역재고현황,202606,3aq,비알코리아(주),250426,초콜릿무스큐브,55g,3149900,덕정지역,276,260,0,266,270,1002,20260101,10,일반매장용품,감미품
지역재고현황,202606,3aq,비알코리아(주),250426,초콜릿무스큐브,55g,3159900,전곡지역,177,90,0,98,169,1002,20260101,10,일반매장용품,감미품
지역재고현황,202606,3aq,비알코리아(주),250426,초콜릿무스큐브,55g,3229900,파주지역,366,260,0,233,393,1002,20260101,10,일반매장용품,감미품
지역재고현황,202606,3aq,비알코리아(주),250426,초콜릿무스큐브,55g,3239900,일산지역,193,250,0,237,206,1002,20260101,10,일반매장용품,감미품
지역재고현황,202606,3aq,비알코리아(주),250426,초콜릿무스큐브,55g,3249900,벽제지역,284,240,0,320,204,1002,20260101,10,일반매장용품,감미품
지역재고현황,202606,3aq,비알코리아(주),250426,초콜릿무스큐브,55g,3269900,인천지역,402,400,0,467,335,1002,20260101,10,일반매장용품,감미품
지역재고현황,202606,3aq,비알코리아(주),250426,초콜릿무스큐브,55g,3289900,고양지역,16,200,0,171,45,1002,20260101,10,일반매장용품,감미품
지역재고현황,202606,3aq,비알코리아(주),250426,초콜릿무스큐브,55g,3429900,과천지역,229,290,0,330,189,1002,20260101,10,일반매장용품,감미품
지역재고현황,202606,3aq,비알코리아(주),250426,초콜릿무스큐브,55g,3449900,용인지역,409,560,0,507,462,1002,20260101,10,일반매장용품,감미품
지역재고현황,202606,3aq,비알코리아(주),250426,초콜릿무스큐브,55g,3459900,(공)수원지역반,136,110,0,119,127,1002,20260101,10,일반매장용품,감미품
지역재고현황,202606,3aq,비알코리아(주),250426,초콜릿무스큐브,55g,3469900,서울지역,205,460,0,505,160,1002,20260101,10,일반매장용품,감미품
지역재고현황,202606,3aq,비알코리아(주),250426,초콜릿무스큐브,55g,3479900,강북지역,164,170,0,187,147,1002,20260101,10,일반매장용품,감미품
지역재고현황,202606,3aq,비알코리아(주),250426,초콜릿무스큐브,55g,3499900,(공)서울공군지역반,46,150,0,149,47,1002,20260101,10,일반매장용품,감미품
지역재고현황,202606,3aq,비알코리아(주),250426,초콜릿무스큐브,55g,4019900,부산경남지역대,204,150,0,182,172,1002,20260101,10,일반매장용품,감미품
지역재고현황,202606,3aq,비알코리아(주),250426,초콜릿무스큐브,55g,4029900,창원지역,194,140,0,128,206,1002,20260101,10,일반매장용품,감미품
지역재고현황,202606,3aq,비알코리아(주),250426,초콜릿무스큐브,55g,4039900,(공)3지구대(사천),43,50,0,49,44,1002,20260101,10,일반매장용품,감미품
지역재고현황,202606,3aq,비알코리아(주),250426,초콜릿무스큐브,55g,4049900,(공)5지구대(김해),40,110,0,82,68,1002,20260101,10,일반매장용품,감미품
지역재고현황,202606,3aq,비알코리아(주),250426,초콜릿무스큐브,55g,4059900,(공)교육사지구대(진주),33,50,0,44,39,1002,20260101,10,일반매장용품,감미품
지역재고현황,202606,3aq,비알코리아(주),250426,초콜릿무스큐브,55g,4069900,(해)부산지구대,27,50,0,60,17,1002,20260101,10,일반매장용품,감미품
지역재고현황,202606,3aq,비알코리아(주),250426,초콜릿무스큐브,55g,4079900,(해)부산진해지구대,40,110,0,88,62,1002,20260101,10,일반매장용품,감미품
지역재고현황,202606,3aq,비알코리아(주),250427,뉴욕치즈케이크큐브,52g,1029900,양구지역,247,40,13,34,240,1002,20260101,10,일반매장용품,감미품
지역재고현황,202606,3aq,비알코리아(주),250427,뉴욕치즈케이크큐브,52g,1039900,인제지역,376,120,27,84,385,1002,20260101,10,일반매장용품,감미품
지역재고현황,202606,3aq,비알코리아(주),250427,뉴욕치즈케이크큐브,52g,1069900,속초지역,356,222,0,239,339,1002,20260101,10,일반매장용품,감미품
지역재고현황,202606,3aq,비알코리아(주),250427,뉴욕치즈케이크큐브,52g,1079900,(공)18지역반(강릉),10,40,0,26,24,1002,20260101,10,일반매장용품,감미품
지역재고현황,202606,3aq,비알코리아(주),250427,뉴욕치즈케이크큐브,52g,1129900,화천지역,325,20,0,40,305,1002,20260101,10,일반매장용품,감미품
지역재고현황,202606,3aq,비알코리아(주),250427,뉴욕치즈케이크큐브,52g,1139900,사창리지역,204,30,0,35,199,1002,20260101,10,일반매장용품,감미품
지역재고현황,202606,3aq,비알코리아(주),250427,뉴욕치즈케이크큐브,52g,1149900,춘천지역,213,90,0,111,192,1002,20260101,10,일반매장용품,감미품
지역재고현황,202606,3aq,비알코리아(주),250427,뉴욕치즈케이크큐브,52g,1159900,원주지역,376,210,8,166,412,1002,20260101,10,일반매장용품,감미품
지역재고현황,202606,3aq,비알코리아(주),250427,뉴욕치즈케이크큐브,52g,1169900,양평지역,237,110,2,71,274,1002,20260101,10,일반매장용품,감미품
지역재고현황,202606,3aq,비알코리아(주),250427,뉴욕치즈케이크큐브,52g,1179900,(공)8지역반(원주),27,20,0,12,35,1002,20260101,10,일반매장용품,감미품
지역재고현황,202606,3aq,비알코리아(주),250427,뉴욕치즈케이크큐브,52g,2029900,대전지역,310,160,0,180,290,1002,20260101,10,일반매장용품,감미품
지역재고현황,202606,3aq,비알코리아(주),250427,뉴욕치즈케이크큐브,52g,2039900,조치원지역,425,230,0,244,411,1002,20260101,10,일반매장용품,감미품
지역재고현황,202606,3aq,비알코리아(주),250427,뉴욕치즈케이크큐브,52g,2049900,증평지역,201,50,0,99,152,1002,20260101,10,일반매장용품,감미품
지역재고현황,202606,3aq,비알코리아(주),250427,뉴욕치즈케이크큐브,52g,2059900,대전지역반,21,0,0,6,15,1002,20260101,10,일반매장용품,감미품
지역재고현황,202606,3aq,비알코리아(주),250427,뉴욕치즈케이크큐브,52g,2069900,(공)17지역반(청주),35,20,0,24,31,1002,20260101,10,일반매장용품,감미품
지역재고현황,202606,3aq,비알코리아(주),250427,뉴욕치즈케이크큐브,52g,2079900,(공)19지역반(충주),47,0,0,6,41,1002,20260101,10,일반매장용품,감미품
지역재고현황,202606,3aq,비알코리아(주),250427,뉴욕치즈케이크큐브,52g,2089900,(공)20지역반(서산),18,20,0,20,18,1002,20260101,10,일반매장용품,감미품
지역재고현황,202606,3aq,비알코리아(주),250427,뉴욕치즈케이크큐브,52g,2099900,(공)공사지역반(청주),19,20,0,12,27,1002,20260101,10,일반매장용품,감미품
지역재고현황,202606,3aq,비알코리아(주),250427,뉴욕치즈케이크큐브,52g,2129900,안동지역,92,80,0,72,100,1002,20260101,10,일반매장용품,감미품
지역재고현황,202606,3aq,비알코리아(주),250427,뉴욕치즈케이크큐브,52g,2139900,대구지역,344,260,0,237,367,1002,20260101,10,일반매장용품,감미품
지역재고현황,202606,3aq,비알코리아(주),250427,뉴욕치즈케이크큐브,52g,2149900,(공)11지구대(대구),26,20,0,14,32,1002,20260101,10,일반매장용품,감미품
지역재고현황,202606,3aq,비알코리아(주),250427,뉴욕치즈케이크큐브,52g,2159900,(공)16지구대(예천),13,30,0,12,31,1002,20260101,10,일반매장용품,감미품
지역재고현황,202606,3aq,비알코리아(주),250427,뉴욕치즈케이크큐브,52g,2169900,(공)군수사분견(대구),2,10,0,9,3,1002,20260101,10,일반매장용품,감미품
지역재고현황,202606,3aq,비알코리아(주),250427,뉴욕치즈케이크큐브,52g,2229900,광주지역,474,200,0,265,409,1002,20260101,10,일반매장용품,감미품
지역재고현황,202606,3aq,비알코리아(주),250427,뉴욕치즈케이크큐브,52g,2239900,전주지역,379,100,0,114,365,1002,20260101,10,일반매장용품,감미품
지역재고현황,202606,3aq,비알코리아(주),250427,뉴욕치즈케이크큐브,52g,2249900,(공)1지역반(광주),70,0,0,12,58,1002,20260101,10,일반매장용품,감미품
지역재고현황,202606,3aq,비알코리아(주),250427,뉴욕치즈케이크큐브,52g,3029900,포천지역,320,50,0,63,307,1002,20260101,10,일반매장용품,감미품
지역재고현황,202606,3aq,비알코리아(주),250427,뉴욕치즈케이크큐브,52g,3039900,철원지역,372,30,3,39,360,1002,20260101,10,일반매장용품,감미품
지역재고현황,202606,3aq,비알코리아(주),250427,뉴욕치즈케이크큐브,52g,3049900,가평지역,405,80,0,141,344,1002,20260101,10,일반매장용품,감미품
지역재고현황,202606,3aq,비알코리아(주),250427,뉴욕치즈케이크큐브,52g,3129900,연천지역,185,60,1,43,201,1002,20260101,10,일반매장용품,감미품
지역재고현황,202606,3aq,비알코리아(주),250427,뉴욕치즈케이크큐브,52g,3139900,양주지역,271,70,8,38,295,1002,20260101,10,일반매장용품,감미품
지역재고현황,202606,3aq,비알코리아(주),250427,뉴욕치즈케이크큐브,52g,3149900,덕정지역,235,204,0,145,294,1002,20260101,10,일반매장용품,감미품
지역재고현황,202606,3aq,비알코리아(주),250427,뉴욕치즈케이크큐브,52g,3159900,전곡지역,134,80,4,45,165,1002,20260101,10,일반매장용품,감미품
지역재고현황,202606,3aq,비알코리아(주),250427,뉴욕치즈케이크큐브,52g,3229900,파주지역,374,140,0,123,391,1002,20260101,10,일반매장용품,감미품
지역재고현황,202606,3aq,비알코리아(주),250427,뉴욕치즈케이크큐브,52g,3239900,일산지역,240,120,0,88,272,1002,20260101,10,일반매장용품,감미품
지역재고현황,202606,3aq,비알코리아(주),250427,뉴욕치즈케이크큐브,52g,3249900,벽제지역,303,160,0,196,267,1002,20260101,10,일반매장용품,감미품
지역재고현황,202606,3aq,비알코리아(주),250427,뉴욕치즈케이크큐브,52g,3259900,(공)벽제분견반,2,0,0,1,1,1002,20260101,10,일반매장용품,감미품
지역재고현황,202606,3aq,비알코리아(주),250427,뉴욕치즈케이크큐브,52g,3269900,인천지역,402,180,0,230,352,1002,20260101,10,일반매장용품,감미품
지역재고현황,202606,3aq,비알코리아(주),250427,뉴욕치즈케이크큐브,52g,3289900,고양지역,44,140,0,122,62,1002,20260101,10,일반매장용품,감미품
지역재고현황,202606,3aq,비알코리아(주),250427,뉴욕치즈케이크큐브,52g,3429900,과천지역,241,200,0,186,255,1002,20260101,10,일반매장용품,감미품
지역재고현황,202606,3aq,비알코리아(주),250427,뉴욕치즈케이크큐브,52g,3449900,용인지역,428,470,2,362,534,1002,20260101,10,일반매장용품,감미품
지역재고현황,202606,3aq,비알코리아(주),250427,뉴욕치즈케이크큐브,52g,3459900,(공)수원지역반,188,50,0,75,163,1002,20260101,10,일반매장용품,감미품
지역재고현황,202606,3aq,비알코리아(주),250427,뉴욕치즈케이크큐브,52g,3469900,서울지역,185,150,0,185,150,1002,20260101,10,일반매장용품,감미품
지역재고현황,202606,3aq,비알코리아(주),250427,뉴욕치즈케이크큐브,52g,3479900,강북지역,219,110,0,127,202,1002,20260101,10,일반매장용품,감미품
지역재고현황,202606,3aq,비알코리아(주),250427,뉴욕치즈케이크큐브,52g,3499900,(공)서울공군지역반,54,160,0,133,81,1002,20260101,10,일반매장용품,감미품
지역재고현황,202606,3aq,비알코리아(주),250427,뉴욕치즈케이크큐브,52g,4019900,부산경남지역대,231,100,0,94,237,1002,20260101,10,일반매장용품,감미품
지역재고현황,202606,3aq,비알코리아(주),250427,뉴욕치즈케이크큐브,52g,4029900,창원지역,271,120,0,86,305,1002,20260101,10,일반매장용품,감미품
지역재고현황,202606,3aq,비알코리아(주),250427,뉴욕치즈케이크큐브,52g,4039900,(공)3지구대(사천),48,10,0,11,47,1002,20260101,10,일반매장용품,감미품
지역재고현황,202606,3aq,비알코리아(주),250427,뉴욕치즈케이크큐브,52g,4049900,(공)5지구대(김해),53,70,0,58,65,1002,20260101,10,일반매장용품,감미품
지역재고현황,202606,3aq,비알코리아(주),250427,뉴욕치즈케이크큐브,52g,4059900,(공)교육사지구대(진주),72,0,0,21,51,1002,20260101,10,일반매장용품,감미품
지역재고현황,202606,3aq,비알코리아(주),250427,뉴욕치즈케이크큐브,52g,4069900,(해)부산지구대,26,30,0,46,10,1002,20260101,10,일반매장용품,감미품
지역재고현황,202606,3aq,비알코리아(주),250427,뉴욕치즈케이크큐브,52g,4079900,(해)부산진해지구대,98,30,0,51,77,1002,20260101,10,일반매장용품,감미품
지역재고현황,202606,3aq,비알코리아(주),250428,베리베리스트로베리큐브,52g,1029900,양구지역,238,20,0,39,219,1002,20260101,10,일반매장용품,감미품
지역재고현황,202606,3aq,비알코리아(주),250428,베리베리스트로베리큐브,52g,1039900,인제지역,369,110,2,77,400,1002,20260101,10,일반매장용품,감미품
지역재고현황,202606,3aq,비알코리아(주),250428,베리베리스트로베리큐브,52g,1069900,속초지역,393,266,3,230,426,1002,20260101,10,일반매장용품,감미품
지역재고현황,202606,3aq,비알코리아(주),250428,베리베리스트로베리큐브,52g,1079900,(공)18지역반(강릉),12,50,0,36,26,1002,20260101,10,일반매장용품,감미품
지역재고현황,202606,3aq,비알코리아(주),250428,베리베리스트로베리큐브,52g,1129900,화천지역,268,330,0,324,274,1002,20260101,10,일반매장용품,감미품
지역재고현황,202606,3aq,비알코리아(주),250428,베리베리스트로베리큐브,52g,1139900,사창리지역,189,100,0,38,251,1002,20260101,10,일반매장용품,감미품
지역재고현황,202606,3aq,비알코리아(주),250428,베리베리스트로베리큐브,52g,1149900,춘천지역,212,100,0,121,191,1002,20260101,10,일반매장용품,감미품
지역재고현황,202606,3aq,비알코리아(주),250428,베리베리스트로베리큐브,52g,1159900,원주지역,438,150,0,143,445,1002,20260101,10,일반매장용품,감미품
지역재고현황,202606,3aq,비알코리아(주),250428,베리베리스트로베리큐브,52g,1169900,양평지역,272,70,2,73,267,1002,20260101,10,일반매장용품,감미품
지역재고현황,202606,3aq,비알코리아(주),250428,베리베리스트로베리큐브,52g,1179900,(공)8지역반(원주),44,10,0,11,43,1002,20260101,10,일반매장용품,감미품
지역재고현황,202606,3aq,비알코리아(주),250428,베리베리스트로베리큐브,52g,2029900,대전지역,324,140,0,135,329,1002,20260101,10,일반매장용품,감미품
지역재고현황,202606,3aq,비알코리아(주),250428,베리베리스트로베리큐브,52g,2039900,조치원지역,494,230,0,262,462,1002,20260101,10,일반매장용품,감미품
지역재고현황,202606,3aq,비알코리아(주),250428,베리베리스트로베리큐브,52g,2049900,증평지역,173,50,0,75,148,1002,20260101,10,일반매장용품,감미품
지역재고현황,202606,3aq,비알코리아(주),250428,베리베리스트로베리큐브,52g,2059900,대전지역반,15,10,0,6,19,1002,20260101,10,일반매장용품,감미품
지역재고현황,202606,3aq,비알코리아(주),250428,베리베리스트로베리큐브,52g,2069900,(공)17지역반(청주),42,30,0,21,51,1002,20260101,10,일반매장용품,감미품
지역재고현황,202606,3aq,비알코리아(주),250428,베리베리스트로베리큐브,52g,2079900,(공)19지역반(충주),37,0,0,6,31,1002,20260101,10,일반매장용품,감미품
지역재고현황,202606,3aq,비알코리아(주),250428,베리베리스트로베리큐브,52g,2089900,(공)20지역반(서산),15,20,0,26,9,1002,20260101,10,일반매장용품,감미품
지역재고현황,202606,3aq,비알코리아(주),250428,베리베리스트로베리큐브,52g,2099900,(공)공사지역반(청주),26,10,0,3,33,1002,20260101,10,일반매장용품,감미품
지역재고현황,202606,3aq,비알코리아(주),250428,베리베리스트로베리큐브,52g,2129900,안동지역,104,80,0,75,109,1002,20260101,10,일반매장용품,감미품
지역재고현황,202606,3aq,비알코리아(주),250428,베리베리스트로베리큐브,52g,2139900,대구지역,326,310,0,231,405,1002,20260101,10,일반매장용품,감미품
지역재고현황,202606,3aq,비알코리아(주),250428,베리베리스트로베리큐브,52g,2149900,(공)11지구대(대구),41,20,0,16,45,1002,20260101,10,일반매장용품,감미품
지역재고현황,202606,3aq,비알코리아(주),250428,베리베리스트로베리큐브,52g,2159900,(공)16지구대(예천),17,30,0,11,36,1002,20260101,10,일반매장용품,감미품
지역재고현황,202606,3aq,비알코리아(주),250428,베리베리스트로베리큐브,52g,2169900,(공)군수사분견(대구),9,0,0,5,4,1002,20260101,10,일반매장용품,감미품
지역재고현황,202606,3aq,비알코리아(주),250428,베리베리스트로베리큐브,52g,2229900,광주지역,441,160,0,180,421,1002,20260101,10,일반매장용품,감미품
지역재고현황,202606,3aq,비알코리아(주),250428,베리베리스트로베리큐브,52g,2239900,전주지역,378,90,0,85,383,1002,20260101,10,일반매장용품,감미품
지역재고현황,202606,3aq,비알코리아(주),250428,베리베리스트로베리큐브,52g,2249900,(공)1지역반(광주),54,0,0,7,47,1002,20260101,10,일반매장용품,감미품
지역재고현황,202606,3aq,비알코리아(주),250428,베리베리스트로베리큐브,52g,3029900,포천지역,296,64,0,56,304,1002,20260101,10,일반매장용품,감미품
지역재고현황,202606,3aq,비알코리아(주),250428,베리베리스트로베리큐브,52g,3039900,철원지역,365,90,2,61,392,1002,20260101,10,일반매장용품,감미품
지역재고현황,202606,3aq,비알코리아(주),250428,베리베리스트로베리큐브,52g,3049900,가평지역,376,60,0,107,329,1002,20260101,10,일반매장용품,감미품
지역재고현황,202606,3aq,비알코리아(주),250428,베리베리스트로베리큐브,52g,3129900,연천지역,161,50,0,40,171,1002,20260101,10,일반매장용품,감미품
지역재고현황,202606,3aq,비알코리아(주),250428,베리베리스트로베리큐브,52g,3139900,양주지역,289,80,3,37,329,1002,20260101,10,일반매장용품,감미품
지역재고현황,202606,3aq,비알코리아(주),250428,베리베리스트로베리큐브,52g,3149900,덕정지역,299,110,0,138,271,1002,20260101,10,일반매장용품,감미품
지역재고현황,202606,3aq,비알코리아(주),250428,베리베리스트로베리큐브,52g,3159900,전곡지역,162,50,0,44,168,1002,20260101,10,일반매장용품,감미품
지역재고현황,202606,3aq,비알코리아(주),250428,베리베리스트로베리큐브,52g,3229900,파주지역,380,140,0,122,398,1002,20260101,10,일반매장용품,감미품
지역재고현황,202606,3aq,비알코리아(주),250428,베리베리스트로베리큐브,52g,3239900,일산지역,317,30,0,84,263,1002,20260101,10,일반매장용품,감미품
지역재고현황,202606,3aq,비알코리아(주),250428,베리베리스트로베리큐브,52g,3249900,벽제지역,269,180,0,168,281,1002,20260101,10,일반매장용품,감미품
지역재고현황,202606,3aq,비알코리아(주),250428,베리베리스트로베리큐브,52g,3259900,(공)벽제분견반,14,0,0,8,6,1002,20260101,10,일반매장용품,감미품
지역재고현황,202606,3aq,비알코리아(주),250428,베리베리스트로베리큐브,52g,3269900,인천지역,365,230,0,274,321,1002,20260101,10,일반매장용품,감미품
지역재고현황,202606,3aq,비알코리아(주),250428,베리베리스트로베리큐브,52g,3289900,고양지역,48,100,0,112,36,1002,20260101,10,일반매장용품,감미품
지역재고현황,202606,3aq,비알코리아(주),250428,베리베리스트로베리큐브,52g,3429900,과천지역,247,200,0,186,261,1002,20260101,10,일반매장용품,감미품
지역재고현황,202606,3aq,비알코리아(주),250428,베리베리스트로베리큐브,52g,3449900,용인지역,444,400,0,326,518,1002,20260101,10,일반매장용품,감미품
지역재고현황,202606,3aq,비알코리아(주),250428,베리베리스트로베리큐브,52g,3459900,(공)수원지역반,156,60,0,84,132,1002,20260101,10,일반매장용품,감미품
지역재고현황,202606,3aq,비알코리아(주),250428,베리베리스트로베리큐브,52g,3469900,서울지역,264,140,0,191,213,1002,20260101,10,일반매장용품,감미품
지역재고현황,202606,3aq,비알코리아(주),250428,베리베리스트로베리큐브,52g,3479900,강북지역,232,60,0,111,181,1002,20260101,10,일반매장용품,감미품
지역재고현황,202606,3aq,비알코리아(주),250428,베리베리스트로베리큐브,52g,3499900,(공)서울공군지역반,64,130,0,126,68,1002,20260101,10,일반매장용품,감미품
지역재고현황,202606,3aq,비알코리아(주),250428,베리베리스트로베리큐브,52g,4019900,부산경남지역대,232,110,0,123,219,1002,20260101,10,일반매장용품,감미품
지역재고현황,202606,3aq,비알코리아(주),250428,베리베리스트로베리큐브,52g,4029900,창원지역,236,110,0,78,268,1002,20260101,10,일반매장용품,감미품
지역재고현황,202606,3aq,비알코리아(주),250428,베리베리스트로베리큐브,52g,4039900,(공)3지구대(사천),40,10,0,13,37,1002,20260101,10,일반매장용품,감미품
지역재고현황,202606,3aq,비알코리아(주),250428,베리베리스트로베리큐브,52g,4049900,(공)5지구대(김해),46,70,0,59,57,1002,20260101,10,일반매장용품,감미품
지역재고현황,202606,3aq,비알코리아(주),250428,베리베리스트로베리큐브,52g,4059900,(공)교육사지구대(진주),104,0,0,30,74,1002,20260101,10,일반매장용품,감미품
지역재고현황,202606,3aq,비알코리아(주),250428,베리베리스트로베리큐브,52g,4069900,(해)부산지구대,23,20,0,34,9,1002,20260101,10,일반매장용품,감미품
지역재고현황,202606,3aq,비알코리아(주),250428,베리베리스트로베리큐브,52g,4079900,(해)부산진해지구대,77,60,0,30,107,1002,20260101,10,일반매장용품,감미품
지역재고현황,202606,3aq,비알코리아(주),250429,제로스파클링자두,350ml,1029900,양구지역,343,174,0,214,303,575,20260101,24,일반매장용품,음료
지역재고현황,202606,3aq,비알코리아(주),250429,제로스파클링자두,350ml,1039900,인제지역,739,744,0,644,839,575,20260101,24,일반매장용품,음료
지역재고현황,202606,3aq,비알코리아(주),250429,제로스파클링자두,350ml,1069900,속초지역,798,960,0,1006,752,575,20260101,24,일반매장용품,음료
지역재고현황,202606,3aq,비알코리아(주),250429,제로스파클링자두,350ml,1079900,(공)18지역반(강릉),30,24,0,47,7,575,20260101,24,일반매장용품,음료
지역재고현황,202606,3aq,비알코리아(주),250429,제로스파클링자두,350ml,1129900,화천지역,553,348,0,359,542,575,20260101,24,일반매장용품,음료
지역재고현황,202606,3aq,비알코리아(주),250429,제로스파클링자두,350ml,1139900,사창리지역,606,456,0,444,618,575,20260101,24,일반매장용품,음료
지역재고현황,202606,3aq,비알코리아(주),250429,제로스파클링자두,350ml,1149900,춘천지역,379,456,0,374,461,575,20260101,24,일반매장용품,음료
지역재고현황,202606,3aq,비알코리아(주),250429,제로스파클링자두,350ml,1159900,원주지역,797,672,0,762,707,575,20260101,24,일반매장용품,음료
지역재고현황,202606,3aq,비알코리아(주),250429,제로스파클링자두,350ml,1169900,양평지역,635,312,0,271,676,575,20260101,24,일반매장용품,음료
지역재고현황,202606,3aq,비알코리아(주),250429,제로스파클링자두,350ml,1179900,(공)8지역반(원주),43,72,0,62,53,575,20260101,24,일반매장용품,음료
지역재고현황,202606,3aq,비알코리아(주),250429,제로스파클링자두,350ml,2029900,대전지역,583,744,0,540,787,575,20260101,24,일반매장용품,음료
지역재고현황,202606,3aq,비알코리아(주),250429,제로스파클링자두,350ml,2039900,조치원지역,721,840,0,703,858,575,20260101,24,일반매장용품,음료
지역재고현황,202606,3aq,비알코리아(주),250429,제로스파클링자두,350ml,2049900,증평지역,330,1200,0,1123,407,575,20260101,24,일반매장용품,음료
지역재고현황,202606,3aq,비알코리아(주),250429,제로스파클링자두,350ml,2059900,대전지역반,37,24,0,10,51,575,20260101,24,일반매장용품,음료
지역재고현황,202606,3aq,비알코리아(주),250429,제로스파클링자두,350ml,2069900,(공)17지역반(청주),129,24,0,128,25,575,20260101,24,일반매장용품,음료
지역재고현황,202606,3aq,비알코리아(주),250429,제로스파클링자두,350ml,2079900,(공)19지역반(충주),40,48,0,42,46,575,20260101,24,일반매장용품,음료
지역재고현황,202606,3aq,비알코리아(주),250429,제로스파클링자두,350ml,2089900,(공)20지역반(서산),0,96,0,96,0,575,20260101,24,일반매장용품,음료
지역재고현황,202606,3aq,비알코리아(주),250429,제로스파클링자두,350ml,2099900,(공)공사지역반(청주),65,120,0,133,52,575,20260101,24,일반매장용품,음료
지역재고현황,202606,3aq,비알코리아(주),250429,제로스파클링자두,350ml,2129900,안동지역,216,432,0,330,318,575,20260101,24,일반매장용품,음료
지역재고현황,202606,3aq,비알코리아(주),250429,제로스파클링자두,350ml,2139900,대구지역,725,840,0,705,860,575,20260101,24,일반매장용품,음료
지역재고현황,202606,3aq,비알코리아(주),250429,제로스파클링자두,350ml,2149900,(공)11지구대(대구),188,48,0,117,119,575,20260101,24,일반매장용품,음료
지역재고현황,202606,3aq,비알코리아(주),250429,제로스파클링자두,350ml,2159900,(공)16지구대(예천),49,24,0,22,51,575,20260101,24,일반매장용품,음료
지역재고현황,202606,3aq,비알코리아(주),250429,제로스파클링자두,350ml,2169900,(공)군수사분견(대구),60,0,0,26,34,575,20260101,24,일반매장용품,음료
지역재고현황,202606,3aq,비알코리아(주),250429,제로스파클링자두,350ml,2229900,광주지역,732,552,24,381,879,575,20260101,24,일반매장용품,음료
지역재고현황,202606,3aq,비알코리아(주),250429,제로스파클링자두,350ml,2239900,전주지역,711,240,0,339,612,575,20260101,24,일반매장용품,음료
지역재고현황,202606,3aq,비알코리아(주),250429,제로스파클링자두,350ml,2249900,(공)1지역반(광주),217,240,0,176,281,575,20260101,24,일반매장용품,음료
지역재고현황,202606,3aq,비알코리아(주),250429,제로스파클링자두,350ml,3029900,포천지역,733,528,0,558,703,575,20260101,24,일반매장용품,음료
지역재고현황,202606,3aq,비알코리아(주),250429,제로스파클링자두,350ml,3039900,철원지역,815,720,0,661,874,575,20260101,24,일반매장용품,음료
지역재고현황,202606,3aq,비알코리아(주),250429,제로스파클링자두,350ml,3049900,가평지역,773,816,0,775,814,575,20260101,24,일반매장용품,음료
지역재고현황,202606,3aq,비알코리아(주),250429,제로스파클링자두,350ml,3129900,연천지역,359,600,0,624,335,575,20260101,24,일반매장용품,음료
지역재고현황,202606,3aq,비알코리아(주),250429,제로스파클링자두,350ml,3139900,양주지역,451,504,0,470,485,575,20260101,24,일반매장용품,음료
지역재고현황,202606,3aq,비알코리아(주),250429,제로스파클링자두,350ml,3149900,덕정지역,628,288,0,395,521,575,20260101,24,일반매장용품,음료
지역재고현황,202606,3aq,비알코리아(주),250429,제로스파클링자두,350ml,3159900,전곡지역,440,240,0,370,310,575,20260101,24,일반매장용품,음료
지역재고현황,202606,3aq,비알코리아(주),250429,제로스파클링자두,350ml,3229900,파주지역,606,624,0,556,674,575,20260101,24,일반매장용품,음료
지역재고현황,202606,3aq,비알코리아(주),250429,제로스파클링자두,350ml,3239900,일산지역,430,624,0,549,505,575,20260101,24,일반매장용품,음료
지역재고현황,202606,3aq,비알코리아(주),250429,제로스파클링자두,350ml,3249900,벽제지역,651,408,0,438,621,575,20260101,24,일반매장용품,음료
지역재고현황,202606,3aq,비알코리아(주),250429,제로스파클링자두,350ml,3269900,인천지역,509,528,0,677,360,575,20260101,24,일반매장용품,음료
지역재고현황,202606,3aq,비알코리아(주),250429,제로스파클링자두,350ml,3289900,고양지역,104,240,0,224,120,575,20260101,24,일반매장용품,음료
지역재고현황,202606,3aq,비알코리아(주),250429,제로스파클링자두,350ml,3429900,과천지역,502,408,0,389,521,575,20260101,24,일반매장용품,음료
지역재고현황,202606,3aq,비알코리아(주),250429,제로스파클링자두,350ml,3449900,용인지역,902,696,0,729,869,575,20260101,24,일반매장용품,음료
지역재고현황,202606,3aq,비알코리아(주),250429,제로스파클링자두,350ml,3459900,(공)수원지역반,363,48,0,170,241,575,20260101,24,일반매장용품,음료
지역재고현황,202606,3aq,비알코리아(주),250429,제로스파클링자두,350ml,3469900,서울지역,519,720,0,888,351,575,20260101,24,일반매장용품,음료
지역재고현황,202606,3aq,비알코리아(주),250429,제로스파클링자두,350ml,3479900,강북지역,423,432,0,470,385,575,20260101,24,일반매장용품,음료
지역재고현황,202606,3aq,비알코리아(주),250429,제로스파클링자두,350ml,3499900,(공)서울공군지역반,96,72,0,75,93,575,20260101,24,일반매장용품,음료
지역재고현황,202606,3aq,비알코리아(주),250429,제로스파클링자두,350ml,4019900,부산경남지역대,290,264,0,264,290,575,20260101,24,일반매장용품,음료
지역재고현황,202606,3aq,비알코리아(주),250429,제로스파클링자두,350ml,4029900,창원지역,278,312,0,232,358,575,20260101,24,일반매장용품,음료
지역재고현황,202606,3aq,비알코리아(주),250429,제로스파클링자두,350ml,4049900,(공)5지구대(김해),77,96,0,76,97,575,20260101,24,일반매장용품,음료
지역재고현황,202606,3aq,비알코리아(주),250429,제로스파클링자두,350ml,4059900,(공)교육사지구대(진주),124,0,0,54,70,575,20260101,24,일반매장용품,음료
지역재고현황,202606,3aq,비알코리아(주),250429,제로스파클링자두,350ml,4069900,(해)부산지구대,24,48,0,24,48,575,20260101,24,일반매장용품,음료
지역재고현황,202606,3aq,비알코리아(주),250429,제로스파클링자두,350ml,4079900,(해)부산진해지구대,48,48,0,60,36,575,20260101,24,일반매장용품,음료
지역재고현황,202606,3aq,비알코리아(주),260398,엄마는외계인초코볼,32g,1029900,양구지역,727,252,0,368,611,742,20260101,96,일반매장용품,감미품
지역재고현황,202606,3aq,비알코리아(주),260398,엄마는외계인초코볼,32g,1039900,인제지역,1276,740,0,805,1211,742,20260101,96,일반매장용품,감미품
지역재고현황,202606,3aq,비알코리아(주),260398,엄마는외계인초코볼,32g,1069900,속초지역,1507,1464,0,1660,1311,742,20260101,96,일반매장용품,감미품
지역재고현황,202606,3aq,비알코리아(주),260398,엄마는외계인초코볼,32g,1079900,(공)18지역반(강릉),118,192,0,191,119,742,20260101,96,일반매장용품,감미품
지역재고현황,202606,3aq,비알코리아(주),260398,엄마는외계인초코볼,32g,1129900,화천지역,1812,288,0,485,1615,742,20260101,96,일반매장용품,감미품
지역재고현황,202606,3aq,비알코리아(주),260398,엄마는외계인초코볼,32g,1139900,사창리지역,894,384,0,332,946,742,20260101,96,일반매장용품,감미품
지역재고현황,202606,3aq,비알코리아(주),260398,엄마는외계인초코볼,32g,1149900,춘천지역,1235,600,0,594,1241,742,20260101,96,일반매장용품,감미품
지역재고현황,202606,3aq,비알코리아(주),260398,엄마는외계인초코볼,32g,1159900,원주지역,2098,1272,0,1424,1946,742,20260101,96,일반매장용품,감미품
지역재고현황,202606,3aq,비알코리아(주),260398,엄마는외계인초코볼,32g,1169900,양평지역,974,780,0,756,998,742,20260101,96,일반매장용품,감미품
지역재고현황,202606,3aq,비알코리아(주),260398,엄마는외계인초코볼,32g,1179900,(공)8지역반(원주),92,72,0,90,74,742,20260101,96,일반매장용품,감미품
지역재고현황,202606,3aq,비알코리아(주),260398,엄마는외계인초코볼,32g,2029900,대전지역,1512,1332,0,1303,1541,742,20260101,96,일반매장용품,감미품
지역재고현황,202606,3aq,비알코리아(주),260398,엄마는외계인초코볼,32g,2039900,조치원지역,2239,1928,0,2427,1740,742,20260101,96,일반매장용품,감미품
지역재고현황,202606,3aq,비알코리아(주),260398,엄마는외계인초코볼,32g,2049900,증평지역,925,552,0,691,786,742,20260101,96,일반매장용품,감미품
지역재고현황,202606,3aq,비알코리아(주),260398,엄마는외계인초코볼,32g,2059900,대전지역반,97,72,0,75,94,742,20260101,96,일반매장용품,감미품
지역재고현황,202606,3aq,비알코리아(주),260398,엄마는외계인초코볼,32g,2069900,(공)17지역반(청주),118,36,0,81,73,742,20260101,96,일반매장용품,감미품
지역재고현황,202606,3aq,비알코리아(주),260398,엄마는외계인초코볼,32g,2079900,(공)19지역반(충주),134,192,0,273,53,742,20260101,96,일반매장용품,감미품
지역재고현황,202606,3aq,비알코리아(주),260398,엄마는외계인초코볼,32g,2089900,(공)20지역반(서산),300,192,0,294,198,742,20260101,96,일반매장용품,감미품
지역재고현황,202606,3aq,비알코리아(주),260398,엄마는외계인초코볼,32g,2099900,(공)공사지역반(청주),274,96,0,162,208,742,20260101,96,일반매장용품,감미품
지역재고현황,202606,3aq,비알코리아(주),260398,엄마는외계인초코볼,32g,2129900,안동지역,157,492,0,472,177,742,20260101,96,일반매장용품,감미품
지역재고현황,202606,3aq,비알코리아(주),260398,엄마는외계인초코볼,32g,2139900,대구지역,1271,1332,0,1253,1350,742,20260101,96,일반매장용품,감미품
지역재고현황,202606,3aq,비알코리아(주),260398,엄마는외계인초코볼,32g,2149900,(공)11지구대(대구),167,144,0,185,126,742,20260101,96,일반매장용품,감미품
지역재고현황,202606,3aq,비알코리아(주),260398,엄마는외계인초코볼,32g,2159900,(공)16지구대(예천),7,96,0,79,24,742,20260101,96,일반매장용품,감미품
지역재고현황,202606,3aq,비알코리아(주),260398,엄마는외계인초코볼,32g,2169900,(공)군수사분견(대구),0,96,0,21,75,742,20260101,96,일반매장용품,감미품
지역재고현황,202606,3aq,비알코리아(주),260398,엄마는외계인초코볼,32g,2229900,광주지역,1737,1092,0,1374,1455,742,20260101,96,일반매장용품,감미품
지역재고현황,202606,3aq,비알코리아(주),260398,엄마는외계인초코볼,32g,2239900,전주지역,1291,600,0,744,1147,742,20260101,96,일반매장용품,감미품
지역재고현황,202606,3aq,비알코리아(주),260398,엄마는외계인초코볼,32g,2249900,(공)1지역반(광주),63,192,0,174,81,742,20260101,96,일반매장용품,감미품
지역재고현황,202606,3aq,비알코리아(주),260398,엄마는외계인초코볼,32g,3029900,포천지역,1245,598,0,548,1295,742,20260101,96,일반매장용품,감미품
지역재고현황,202606,3aq,비알코리아(주),260398,엄마는외계인초코볼,32g,3039900,철원지역,1389,288,0,421,1256,742,20260101,96,일반매장용품,감미품
지역재고현황,202606,3aq,비알코리아(주),260398,엄마는외계인초코볼,32g,3049900,가평지역,1436,600,0,589,1447,742,20260101,96,일반매장용품,감미품
지역재고현황,202606,3aq,비알코리아(주),260398,엄마는외계인초코볼,32g,3129900,연천지역,464,456,0,363,557,742,20260101,96,일반매장용품,감미품
지역재고현황,202606,3aq,비알코리아(주),260398,엄마는외계인초코볼,32g,3139900,양주지역,896,300,0,435,761,742,20260101,96,일반매장용품,감미품
지역재고현황,202606,3aq,비알코리아(주),260398,엄마는외계인초코볼,32g,3149900,덕정지역,926,696,0,673,949,742,20260101,96,일반매장용품,감미품
지역재고현황,202606,3aq,비알코리아(주),260398,엄마는외계인초코볼,32g,3159900,전곡지역,649,288,0,270,667,742,20260101,96,일반매장용품,감미품
지역재고현황,202606,3aq,비알코리아(주),260398,엄마는외계인초코볼,32g,3229900,파주지역,1151,334,0,450,1035,742,20260101,96,일반매장용품,감미품
지역재고현황,202606,3aq,비알코리아(주),260398,엄마는외계인초코볼,32g,3239900,일산지역,672,648,0,567,753,742,20260101,96,일반매장용품,감미품
지역재고현황,202606,3aq,비알코리아(주),260398,엄마는외계인초코볼,32g,3249900,벽제지역,1044,1588,0,1672,960,742,20260101,96,일반매장용품,감미품
지역재고현황,202606,3aq,비알코리아(주),260398,엄마는외계인초코볼,32g,3259900,(공)벽제분견반,26,120,0,75,71,742,20260101,96,일반매장용품,감미품
지역재고현황,202606,3aq,비알코리아(주),260398,엄마는외계인초코볼,32g,3269900,인천지역,1589,660,0,1157,1092,742,20260101,96,일반매장용품,감미품
지역재고현황,202606,3aq,비알코리아(주),260398,엄마는외계인초코볼,32g,3289900,고양지역,184,960,0,820,324,742,20260101,96,일반매장용품,감미품
지역재고현황,202606,3aq,비알코리아(주),260398,엄마는외계인초코볼,32g,3429900,과천지역,1350,1056,0,1177,1229,742,20260101,96,일반매장용품,감미품
지역재고현황,202606,3aq,비알코리아(주),260398,엄마는외계인초코볼,32g,3449900,용인지역,1687,2652,0,2261,2078,742,20260101,96,일반매장용품,감미품
지역재고현황,202606,3aq,비알코리아(주),260398,엄마는외계인초코볼,32g,3459900,(공)수원지역반,424,984,0,917,491,742,20260101,96,일반매장용품,감미품
지역재고현황,202606,3aq,비알코리아(주),260398,엄마는외계인초코볼,32g,3469900,서울지역,1365,1608,0,1571,1402,742,20260101,96,일반매장용품,감미품
지역재고현황,202606,3aq,비알코리아(주),260398,엄마는외계인초코볼,32g,3479900,강북지역,1393,1056,0,1299,1150,742,20260101,96,일반매장용품,감미품
지역재고현황,202606,3aq,비알코리아(주),260398,엄마는외계인초코볼,32g,3499900,(공)서울공군지역반,450,768,0,744,474,742,20260101,96,일반매장용품,감미품
지역재고현황,202606,3aq,비알코리아(주),260398,엄마는외계인초코볼,32g,4019900,부산경남지역대,1063,276,0,538,801,742,20260101,96,일반매장용품,감미품
지역재고현황,202606,3aq,비알코리아(주),260398,엄마는외계인초코볼,32g,4029900,창원지역,935,264,0,458,741,742,20260101,96,일반매장용품,감미품
지역재고현황,202606,3aq,비알코리아(주),260398,엄마는외계인초코볼,32g,4039900,(공)3지구대(사천),139,192,0,247,84,742,20260101,96,일반매장용품,감미품
지역재고현황,202606,3aq,비알코리아(주),260398,엄마는외계인초코볼,32g,4049900,(공)5지구대(김해),147,480,0,381,246,742,20260101,96,일반매장용품,감미품
지역재고현황,202606,3aq,비알코리아(주),260398,엄마는외계인초코볼,32g,4059900,(공)교육사지구대(진주),190,288,0,269,209,742,20260101,96,일반매장용품,감미품
지역재고현황,202606,3aq,비알코리아(주),260398,엄마는외계인초코볼,32g,4069900,(해)부산지구대,2,432,0,320,114,742,20260101,96,일반매장용품,감미품
지역재고현황,202606,3aq,비알코리아(주),260398,엄마는외계인초코볼,32g,4079900,(해)부산진해지구대,217,96,0,180,133,742,20260101,96,일반매장용품,감미품
지역재고현황,202606,3aq,비알코리아(주),260399,슈팅스타 프리팩,100ml,1029900,양구지역,291,1080,0,1107,264,1531,20260101,30,일반매장용품,빙과
지역재고현황,202606,3aq,비알코리아(주),260399,슈팅스타 프리팩,100ml,1039900,인제지역,569,1590,0,1531,628,1531,20260101,30,일반매장용품,빙과
지역재고현황,202606,3aq,비알코리아(주),260399,슈팅스타 프리팩,100ml,1069900,속초지역,647,2250,0,2048,849,1531,20260101,30,일반매장용품,빙과
지역재고현황,202606,3aq,비알코리아(주),260399,슈팅스타 프리팩,100ml,1079900,(공)18지역반(강릉),0,270,0,243,27,1531,20260101,30,일반매장용품,빙과
지역재고현황,202606,3aq,비알코리아(주),260399,슈팅스타 프리팩,100ml,1129900,화천지역,561,1140,0,1334,367,1531,20260101,30,일반매장용품,빙과
지역재고현황,202606,3aq,비알코리아(주),260399,슈팅스타 프리팩,100ml,1139900,사창리지역,297,1200,0,897,600,1531,20260101,30,일반매장용품,빙과
지역재고현황,202606,3aq,비알코리아(주),260399,슈팅스타 프리팩,100ml,1149900,춘천지역,244,1080,0,960,364,1531,20260101,30,일반매장용품,빙과
지역재고현황,202606,3aq,비알코리아(주),260399,슈팅스타 프리팩,100ml,1159900,원주지역,499,2190,0,2007,682,1531,20260101,30,일반매장용품,빙과
지역재고현황,202606,3aq,비알코리아(주),260399,슈팅스타 프리팩,100ml,1169900,양평지역,193,1530,0,1397,326,1531,20260101,30,일반매장용품,빙과
지역재고현황,202606,3aq,비알코리아(주),260399,슈팅스타 프리팩,100ml,1179900,(공)8지역반(원주),30,150,0,117,63,1531,20260101,30,일반매장용품,빙과
지역재고현황,202606,3aq,비알코리아(주),260399,슈팅스타 프리팩,100ml,2029900,대전지역,587,1860,0,1720,727,1531,20260101,30,일반매장용품,빙과
지역재고현황,202606,3aq,비알코리아(주),260399,슈팅스타 프리팩,100ml,2039900,조치원지역,432,2340,0,1991,781,1531,20260101,30,일반매장용품,빙과
지역재고현황,202606,3aq,비알코리아(주),260399,슈팅스타 프리팩,100ml,2049900,증평지역,166,840,0,759,247,1531,20260101,30,일반매장용품,빙과
지역재고현황,202606,3aq,비알코리아(주),260399,슈팅스타 프리팩,100ml,2059900,대전지역반,18,150,0,109,59,1531,20260101,30,일반매장용품,빙과
지역재고현황,202606,3aq,비알코리아(주),260399,슈팅스타 프리팩,100ml,2069900,(공)17지역반(청주),30,270,0,228,72,1531,20260101,30,일반매장용품,빙과
지역재고현황,202606,3aq,비알코리아(주),260399,슈팅스타 프리팩,100ml,2079900,(공)19지역반(충주),63,210,0,216,57,1531,20260101,30,일반매장용품,빙과
지역재고현황,202606,3aq,비알코리아(주),260399,슈팅스타 프리팩,100ml,2089900,(공)20지역반(서산),113,270,0,318,65,1531,20260101,30,일반매장용품,빙과
지역재고현황,202606,3aq,비알코리아(주),260399,슈팅스타 프리팩,100ml,2099900,(공)공사지역반(청주),69,150,0,195,24,1531,20260101,30,일반매장용품,빙과
지역재고현황,202606,3aq,비알코리아(주),260399,슈팅스타 프리팩,100ml,2129900,안동지역,88,600,0,549,139,1531,20260101,30,일반매장용품,빙과
지역재고현황,202606,3aq,비알코리아(주),260399,슈팅스타 프리팩,100ml,2139900,대구지역,442,2610,0,2314,738,1531,20260101,30,일반매장용품,빙과
지역재고현황,202606,3aq,비알코리아(주),260399,슈팅스타 프리팩,100ml,2149900,(공)11지구대(대구),46,510,0,330,226,1531,20260101,30,일반매장용품,빙과
지역재고현황,202606,3aq,비알코리아(주),260399,슈팅스타 프리팩,100ml,2159900,(공)16지구대(예천),33,150,0,130,53,1531,20260101,30,일반매장용품,빙과
지역재고현황,202606,3aq,비알코리아(주),260399,슈팅스타 프리팩,100ml,2169900,(공)군수사분견(대구),30,60,0,90,0,1531,20260101,30,일반매장용품,빙과
지역재고현황,202606,3aq,비알코리아(주),260399,슈팅스타 프리팩,100ml,2229900,광주지역,719,1530,0,1579,670,1531,20260101,30,일반매장용품,빙과
지역재고현황,202606,3aq,비알코리아(주),260399,슈팅스타 프리팩,100ml,2239900,전주지역,570,727,0,756,541,1531,20260101,30,일반매장용품,빙과
지역재고현황,202606,3aq,비알코리아(주),260399,슈팅스타 프리팩,100ml,2249900,(공)1지역반(광주),288,60,0,152,196,1531,20260101,30,일반매장용품,빙과
지역재고현황,202606,3aq,비알코리아(주),260399,슈팅스타 프리팩,100ml,3029900,포천지역,514,1440,0,1231,723,1531,20260101,30,일반매장용품,빙과
지역재고현황,202606,3aq,비알코리아(주),260399,슈팅스타 프리팩,100ml,3039900,철원지역,363,1680,0,1476,567,1531,20260101,30,일반매장용품,빙과
지역재고현황,202606,3aq,비알코리아(주),260399,슈팅스타 프리팩,100ml,3049900,가평지역,395,1890,0,1509,776,1531,20260101,30,일반매장용품,빙과
지역재고현황,202606,3aq,비알코리아(주),260399,슈팅스타 프리팩,100ml,3129900,연천지역,244,1170,0,1131,283,1531,20260101,30,일반매장용품,빙과
지역재고현황,202606,3aq,비알코리아(주),260399,슈팅스타 프리팩,100ml,3139900,양주지역,464,1110,0,1093,481,1531,20260101,30,일반매장용품,빙과
지역재고현황,202606,3aq,비알코리아(주),260399,슈팅스타 프리팩,100ml,3149900,덕정지역,436,1290,0,1270,456,1531,20260101,30,일반매장용품,빙과
지역재고현황,202606,3aq,비알코리아(주),260399,슈팅스타 프리팩,100ml,3159900,전곡지역,184,840,0,793,231,1531,20260101,30,일반매장용품,빙과
지역재고현황,202606,3aq,비알코리아(주),260399,슈팅스타 프리팩,100ml,3229900,파주지역,332,1380,0,1340,372,1531,20260101,30,일반매장용품,빙과
지역재고현황,202606,3aq,비알코리아(주),260399,슈팅스타 프리팩,100ml,3239900,일산지역,180,1530,0,1420,290,1531,20260101,30,일반매장용품,빙과
지역재고현황,202606,3aq,비알코리아(주),260399,슈팅스타 프리팩,100ml,3249900,벽제지역,317,1470,0,1491,296,1531,20260101,30,일반매장용품,빙과
지역재고현황,202606,3aq,비알코리아(주),260399,슈팅스타 프리팩,100ml,3259900,(공)벽제분견반,0,60,0,30,30,1531,20260101,30,일반매장용품,빙과
지역재고현황,202606,3aq,비알코리아(주),260399,슈팅스타 프리팩,100ml,3269900,인천지역,337,1950,0,1961,326,1531,20260101,30,일반매장용품,빙과
지역재고현황,202606,3aq,비알코리아(주),260399,슈팅스타 프리팩,100ml,3289900,고양지역,419,900,0,1061,258,1531,20260101,30,일반매장용품,빙과
지역재고현황,202606,3aq,비알코리아(주),260399,슈팅스타 프리팩,100ml,3429900,과천지역,233,1815,0,1642,406,1531,20260101,30,일반매장용품,빙과
지역재고현황,202606,3aq,비알코리아(주),260399,슈팅스타 프리팩,100ml,3449900,용인지역,527,2730,0,2669,588,1531,20260101,30,일반매장용품,빙과
지역재고현황,202606,3aq,비알코리아(주),260399,슈팅스타 프리팩,100ml,3459900,(공)수원지역반,158,810,0,854,114,1531,20260101,30,일반매장용품,빙과
지역재고현황,202606,3aq,비알코리아(주),260399,슈팅스타 프리팩,100ml,3469900,서울지역,376,1920,0,1977,319,1531,20260101,30,일반매장용품,빙과
지역재고현황,202606,3aq,비알코리아(주),260399,슈팅스타 프리팩,100ml,3479900,강북지역,310,1680,0,1629,361,1531,20260101,30,일반매장용품,빙과
지역재고현황,202606,3aq,비알코리아(주),260399,슈팅스타 프리팩,100ml,3499900,(공)서울공군지역반,126,1590,0,1505,211,1531,20260101,30,일반매장용품,빙과
지역재고현황,202606,3aq,비알코리아(주),260399,슈팅스타 프리팩,100ml,4019900,부산경남지역대,300,1020,0,943,377,1531,20260101,30,일반매장용품,빙과
지역재고현황,202606,3aq,비알코리아(주),260399,슈팅스타 프리팩,100ml,4029900,창원지역,450,1050,0,942,558,1531,20260101,30,일반매장용품,빙과
지역재고현황,202606,3aq,비알코리아(주),260399,슈팅스타 프리팩,100ml,4039900,(공)3지구대(사천),72,120,0,167,25,1531,20260101,30,일반매장용품,빙과
지역재고현황,202606,3aq,비알코리아(주),260399,슈팅스타 프리팩,100ml,4049900,(공)5지구대(김해),53,870,0,657,266,1531,20260101,30,일반매장용품,빙과
지역재고현황,202606,3aq,비알코리아(주),260399,슈팅스타 프리팩,100ml,4059900,(공)교육사지구대(진주),44,120,0,131,33,1531,20260101,30,일반매장용품,빙과
지역재고현황,202606,3aq,비알코리아(주),260399,슈팅스타 프리팩,100ml,4069900,(해)부산지구대,38,390,0,362,66,1531,20260101,30,일반매장용품,빙과
지역재고현황,202606,3aq,비알코리아(주),260399,슈팅스타 프리팩,100ml,4079900,(해)부산진해지구대,108,240,0,340,8,1531,20260101,30,일반매장용품,빙과
지역재고현황,202606,3aq,비알코리아(주),260400,레인보우샤베트 프리팩,100ml,1029900,양구지역,360,750,0,768,342,1531,20260101,30,일반매장용품,빙과
지역재고현황,202606,3aq,비알코리아(주),260400,레인보우샤베트 프리팩,100ml,1039900,인제지역,423,1350,0,1221,552,1531,20260101,30,일반매장용품,빙과
지역재고현황,202606,3aq,비알코리아(주),260400,레인보우샤베트 프리팩,100ml,1069900,속초지역,576,1860,0,1676,760,1531,20260101,30,일반매장용품,빙과
지역재고현황,202606,3aq,비알코리아(주),260400,레인보우샤베트 프리팩,100ml,1079900,(공)18지역반(강릉),0,150,0,130,20,1531,20260101,30,일반매장용품,빙과
지역재고현황,202606,3aq,비알코리아(주),260400,레인보우샤베트 프리팩,100ml,1129900,화천지역,526,900,0,1108,318,1531,20260101,30,일반매장용품,빙과
지역재고현황,202606,3aq,비알코리아(주),260400,레인보우샤베트 프리팩,100ml,1139900,사창리지역,378,810,0,709,479,1531,20260101,30,일반매장용품,빙과
지역재고현황,202606,3aq,비알코리아(주),260400,레인보우샤베트 프리팩,100ml,1149900,춘천지역,208,1200,0,1036,372,1531,20260101,30,일반매장용품,빙과
지역재고현황,202606,3aq,비알코리아(주),260400,레인보우샤베트 프리팩,100ml,1159900,원주지역,641,1620,0,1673,588,1531,20260101,30,일반매장용품,빙과
지역재고현황,202606,3aq,비알코리아(주),260400,레인보우샤베트 프리팩,100ml,1169900,양평지역,229,1200,0,1057,372,1531,20260101,30,일반매장용품,빙과
지역재고현황,202606,3aq,비알코리아(주),260400,레인보우샤베트 프리팩,100ml,1179900,(공)8지역반(원주),43,120,0,101,62,1531,20260101,30,일반매장용품,빙과
지역재고현황,202606,3aq,비알코리아(주),260400,레인보우샤베트 프리팩,100ml,2029900,대전지역,467,1890,0,1662,695,1531,20260101,30,일반매장용품,빙과
지역재고현황,202606,3aq,비알코리아(주),260400,레인보우샤베트 프리팩,100ml,2039900,조치원지역,383,2040,0,1728,695,1531,20260101,30,일반매장용품,빙과
지역재고현황,202606,3aq,비알코리아(주),260400,레인보우샤베트 프리팩,100ml,2049900,증평지역,168,840,0,704,304,1531,20260101,30,일반매장용품,빙과
지역재고현황,202606,3aq,비알코리아(주),260400,레인보우샤베트 프리팩,100ml,2059900,대전지역반,48,60,0,84,24,1531,20260101,30,일반매장용품,빙과
지역재고현황,202606,3aq,비알코리아(주),260400,레인보우샤베트 프리팩,100ml,2069900,(공)17지역반(청주),26,360,0,265,121,1531,20260101,30,일반매장용품,빙과
지역재고현황,202606,3aq,비알코리아(주),260400,레인보우샤베트 프리팩,100ml,2079900,(공)19지역반(충주),28,210,0,199,39,1531,20260101,30,일반매장용품,빙과
지역재고현황,202606,3aq,비알코리아(주),260400,레인보우샤베트 프리팩,100ml,2089900,(공)20지역반(서산),52,210,0,247,15,1531,20260101,30,일반매장용품,빙과
지역재고현황,202606,3aq,비알코리아(주),260400,레인보우샤베트 프리팩,100ml,2099900,(공)공사지역반(청주),22,210,0,182,50,1531,20260101,30,일반매장용품,빙과
지역재고현황,202606,3aq,비알코리아(주),260400,레인보우샤베트 프리팩,100ml,2129900,안동지역,99,570,0,511,158,1531,20260101,30,일반매장용품,빙과
지역재고현황,202606,3aq,비알코리아(주),260400,레인보우샤베트 프리팩,100ml,2139900,대구지역,464,2430,0,2238,656,1531,20260101,30,일반매장용품,빙과
지역재고현황,202606,3aq,비알코리아(주),260400,레인보우샤베트 프리팩,100ml,2149900,(공)11지구대(대구),120,480,0,377,223,1531,20260101,30,일반매장용품,빙과
지역재고현황,202606,3aq,비알코리아(주),260400,레인보우샤베트 프리팩,100ml,2159900,(공)16지구대(예천),49,150,0,90,109,1531,20260101,30,일반매장용품,빙과
지역재고현황,202606,3aq,비알코리아(주),260400,레인보우샤베트 프리팩,100ml,2169900,(공)군수사분견(대구),0,90,0,69,21,1531,20260101,30,일반매장용품,빙과
지역재고현황,202606,3aq,비알코리아(주),260400,레인보우샤베트 프리팩,100ml,2229900,광주지역,740,1290,0,1303,727,1531,20260101,30,일반매장용품,빙과
지역재고현황,202606,3aq,비알코리아(주),260400,레인보우샤베트 프리팩,100ml,2239900,전주지역,720,573,0,647,646,1531,20260101,30,일반매장용품,빙과
지역재고현황,202606,3aq,비알코리아(주),260400,레인보우샤베트 프리팩,100ml,2249900,(공)1지역반(광주),197,60,0,121,136,1531,20260101,30,일반매장용품,빙과
지역재고현황,202606,3aq,비알코리아(주),260400,레인보우샤베트 프리팩,100ml,3029900,포천지역,525,1110,0,978,657,1531,20260101,30,일반매장용품,빙과
지역재고현황,202606,3aq,비알코리아(주),260400,레인보우샤베트 프리팩,100ml,3039900,철원지역,525,1620,0,1403,742,1531,20260101,30,일반매장용품,빙과
지역재고현황,202606,3aq,비알코리아(주),260400,레인보우샤베트 프리팩,100ml,3049900,가평지역,463,1410,0,1238,635,1531,20260101,30,일반매장용품,빙과
지역재고현황,202606,3aq,비알코리아(주),260400,레인보우샤베트 프리팩,100ml,3129900,연천지역,268,1020,0,917,371,1531,20260101,30,일반매장용품,빙과
지역재고현황,202606,3aq,비알코리아(주),260400,레인보우샤베트 프리팩,100ml,3139900,양주지역,465,1050,0,891,624,1531,20260101,30,일반매장용품,빙과
지역재고현황,202606,3aq,비알코리아(주),260400,레인보우샤베트 프리팩,100ml,3149900,덕정지역,345,1170,0,1160,355,1531,20260101,30,일반매장용품,빙과
지역재고현황,202606,3aq,비알코리아(주),260400,레인보우샤베트 프리팩,100ml,3159900,전곡지역,290,810,0,815,285,1531,20260101,30,일반매장용품,빙과
지역재고현황,202606,3aq,비알코리아(주),260400,레인보우샤베트 프리팩,100ml,3229900,파주지역,432,1350,0,1321,461,1531,20260101,30,일반매장용품,빙과
지역재고현황,202606,3aq,비알코리아(주),260400,레인보우샤베트 프리팩,100ml,3239900,일산지역,228,1410,0,1280,358,1531,20260101,30,일반매장용품,빙과
지역재고현황,202606,3aq,비알코리아(주),260400,레인보우샤베트 프리팩,100ml,3249900,벽제지역,250,1440,0,1304,386,1531,20260101,30,일반매장용품,빙과
지역재고현황,202606,3aq,비알코리아(주),260400,레인보우샤베트 프리팩,100ml,3259900,(공)벽제분견반,15,60,0,47,28,1531,20260101,30,일반매장용품,빙과
지역재고현황,202606,3aq,비알코리아(주),260400,레인보우샤베트 프리팩,100ml,3269900,인천지역,390,1770,0,1756,404,1531,20260101,30,일반매장용품,빙과
지역재고현황,202606,3aq,비알코리아(주),260400,레인보우샤베트 프리팩,100ml,3289900,고양지역,386,1050,0,1047,389,1531,20260101,30,일반매장용품,빙과
지역재고현황,202606,3aq,비알코리아(주),260400,레인보우샤베트 프리팩,100ml,3429900,과천지역,360,1455,0,1427,388,1531,20260101,30,일반매장용품,빙과
지역재고현황,202606,3aq,비알코리아(주),260400,레인보우샤베트 프리팩,100ml,3449900,용인지역,519,2730,0,2738,511,1531,20260101,30,일반매장용품,빙과
지역재고현황,202606,3aq,비알코리아(주),260400,레인보우샤베트 프리팩,100ml,3459900,(공)수원지역반,97,960,0,900,157,1531,20260101,30,일반매장용품,빙과
지역재고현황,202606,3aq,비알코리아(주),260400,레인보우샤베트 프리팩,100ml,3469900,서울지역,389,1890,0,2062,217,1531,20260101,30,일반매장용품,빙과
지역재고현황,202606,3aq,비알코리아(주),260400,레인보우샤베트 프리팩,100ml,3479900,강북지역,322,1635,0,1688,269,1531,20260101,30,일반매장용품,빙과
지역재고현황,202606,3aq,비알코리아(주),260400,레인보우샤베트 프리팩,100ml,3499900,(공)서울공군지역반,88,1590,0,1527,151,1531,20260101,30,일반매장용품,빙과
지역재고현황,202606,3aq,비알코리아(주),260400,레인보우샤베트 프리팩,100ml,4019900,부산경남지역대,264,1050,0,947,367,1531,20260101,30,일반매장용품,빙과
지역재고현황,202606,3aq,비알코리아(주),260400,레인보우샤베트 프리팩,100ml,4029900,창원지역,368,750,0,741,377,1531,20260101,30,일반매장용품,빙과
지역재고현황,202606,3aq,비알코리아(주),260400,레인보우샤베트 프리팩,100ml,4039900,(공)3지구대(사천),44,180,0,187,37,1531,20260101,30,일반매장용품,빙과
지역재고현황,202606,3aq,비알코리아(주),260400,레인보우샤베트 프리팩,100ml,4049900,(공)5지구대(김해),24,750,0,487,287,1531,20260101,30,일반매장용품,빙과
지역재고현황,202606,3aq,비알코리아(주),260400,레인보우샤베트 프리팩,100ml,4059900,(공)교육사지구대(진주),26,240,0,252,14,1531,20260101,30,일반매장용품,빙과
지역재고현황,202606,3aq,비알코리아(주),260400,레인보우샤베트 프리팩,100ml,4069900,(해)부산지구대,124,420,0,425,119,1531,20260101,30,일반매장용품,빙과
지역재고현황,202606,3aq,비알코리아(주),260400,레인보우샤베트 프리팩,100ml,4079900,(해)부산진해지구대,12,390,0,386,16,1531,20260101,30,일반매장용품,빙과
지역재고현황,202606,3aq,비알코리아(주),260401,엄마는외계인 프리팩,100ml,1029900,양구지역,404,1080,0,1134,350,1531,20260101,30,일반매장용품,빙과
지역재고현황,202606,3aq,비알코리아(주),260401,엄마는외계인 프리팩,100ml,1039900,인제지역,334,2130,0,1828,636,1531,20260101,30,일반매장용품,빙과
지역재고현황,202606,3aq,비알코리아(주),260401,엄마는외계인 프리팩,100ml,1069900,속초지역,456,2490,0,2323,623,1531,20260101,30,일반매장용품,빙과
지역재고현황,202606,3aq,비알코리아(주),260401,엄마는외계인 프리팩,100ml,1079900,(공)18지역반(강릉),5,210,0,213,2,1531,20260101,30,일반매장용품,빙과
지역재고현황,202606,3aq,비알코리아(주),260401,엄마는외계인 프리팩,100ml,1129900,화천지역,570,1050,0,1314,306,1531,20260101,30,일반매장용품,빙과
지역재고현황,202606,3aq,비알코리아(주),260401,엄마는외계인 프리팩,100ml,1139900,사창리지역,440,990,0,901,529,1531,20260101,30,일반매장용품,빙과
지역재고현황,202606,3aq,비알코리아(주),260401,엄마는외계인 프리팩,100ml,1149900,춘천지역,185,1290,0,1103,372,1531,20260101,30,일반매장용품,빙과
지역재고현황,202606,3aq,비알코리아(주),260401,엄마는외계인 프리팩,100ml,1159900,원주지역,557,2430,0,2351,636,1531,20260101,30,일반매장용품,빙과
지역재고현황,202606,3aq,비알코리아(주),260401,엄마는외계인 프리팩,100ml,1169900,양평지역,233,1770,0,1662,341,1531,20260101,30,일반매장용품,빙과
지역재고현황,202606,3aq,비알코리아(주),260401,엄마는외계인 프리팩,100ml,1179900,(공)8지역반(원주),31,180,0,156,55,1531,20260101,30,일반매장용품,빙과
지역재고현황,202606,3aq,비알코리아(주),260401,엄마는외계인 프리팩,100ml,2029900,대전지역,690,2100,0,2087,703,1531,20260101,30,일반매장용품,빙과
지역재고현황,202606,3aq,비알코리아(주),260401,엄마는외계인 프리팩,100ml,2039900,조치원지역,284,2670,0,2279,675,1531,20260101,30,일반매장용품,빙과
지역재고현황,202606,3aq,비알코리아(주),260401,엄마는외계인 프리팩,100ml,2049900,증평지역,250,780,0,743,287,1531,20260101,30,일반매장용품,빙과
지역재고현황,202606,3aq,비알코리아(주),260401,엄마는외계인 프리팩,100ml,2059900,대전지역반,13,150,0,120,43,1531,20260101,30,일반매장용품,빙과
지역재고현황,202606,3aq,비알코리아(주),260401,엄마는외계인 프리팩,100ml,2069900,(공)17지역반(청주),40,390,0,315,115,1531,20260101,30,일반매장용품,빙과
지역재고현황,202606,3aq,비알코리아(주),260401,엄마는외계인 프리팩,100ml,2079900,(공)19지역반(충주),3,180,0,151,32,1531,20260101,30,일반매장용품,빙과
지역재고현황,202606,3aq,비알코리아(주),260401,엄마는외계인 프리팩,100ml,2089900,(공)20지역반(서산),65,300,0,349,16,1531,20260101,30,일반매장용품,빙과
지역재고현황,202606,3aq,비알코리아(주),260401,엄마는외계인 프리팩,100ml,2099900,(공)공사지역반(청주),47,270,0,219,98,1531,20260101,30,일반매장용품,빙과
지역재고현황,202606,3aq,비알코리아(주),260401,엄마는외계인 프리팩,100ml,2129900,안동지역,168,630,0,521,277,1531,20260101,30,일반매장용품,빙과
지역재고현황,202606,3aq,비알코리아(주),260401,엄마는외계인 프리팩,100ml,2139900,대구지역,409,2670,0,2424,655,1531,20260101,30,일반매장용품,빙과
지역재고현황,202606,3aq,비알코리아(주),260401,엄마는외계인 프리팩,100ml,2149900,(공)11지구대(대구),55,570,0,415,210,1531,20260101,30,일반매장용품,빙과
지역재고현황,202606,3aq,비알코리아(주),260401,엄마는외계인 프리팩,100ml,2159900,(공)16지구대(예천),44,120,0,71,93,1531,20260101,30,일반매장용품,빙과
지역재고현황,202606,3aq,비알코리아(주),260401,엄마는외계인 프리팩,100ml,2169900,(공)군수사분견(대구),0,90,0,86,4,1531,20260101,30,일반매장용품,빙과
지역재고현황,202606,3aq,비알코리아(주),260401,엄마는외계인 프리팩,100ml,2229900,광주지역,752,1590,0,1587,755,1531,20260101,30,일반매장용품,빙과
지역재고현황,202606,3aq,비알코리아(주),260401,엄마는외계인 프리팩,100ml,2239900,전주지역,444,871,0,889,426,1531,20260101,30,일반매장용품,빙과
지역재고현황,202606,3aq,비알코리아(주),260401,엄마는외계인 프리팩,100ml,2249900,(공)1지역반(광주),306,60,0,199,167,1531,20260101,30,일반매장용품,빙과
지역재고현황,202606,3aq,비알코리아(주),260401,엄마는외계인 프리팩,100ml,3029900,포천지역,457,1620,0,1424,653,1531,20260101,30,일반매장용품,빙과
지역재고현황,202606,3aq,비알코리아(주),260401,엄마는외계인 프리팩,100ml,3039900,철원지역,692,1800,0,1711,781,1531,20260101,30,일반매장용품,빙과
지역재고현황,202606,3aq,비알코리아(주),260401,엄마는외계인 프리팩,100ml,3049900,가평지역,490,1260,0,1344,406,1531,20260101,30,일반매장용품,빙과
지역재고현황,202606,3aq,비알코리아(주),260401,엄마는외계인 프리팩,100ml,3129900,연천지역,252,1440,0,1379,313,1531,20260101,30,일반매장용품,빙과
지역재고현황,202606,3aq,비알코리아(주),260401,엄마는외계인 프리팩,100ml,3139900,양주지역,572,1260,0,1160,672,1531,20260101,30,일반매장용품,빙과
지역재고현황,202606,3aq,비알코리아(주),260401,엄마는외계인 프리팩,100ml,3149900,덕정지역,434,1470,0,1460,444,1531,20260101,30,일반매장용품,빙과
지역재고현황,202606,3aq,비알코리아(주),260401,엄마는외계인 프리팩,100ml,3159900,전곡지역,195,840,0,802,233,1531,20260101,30,일반매장용품,빙과
지역재고현황,202606,3aq,비알코리아(주),260401,엄마는외계인 프리팩,100ml,3229900,파주지역,320,1650,0,1624,346,1531,20260101,30,일반매장용품,빙과
지역재고현황,202606,3aq,비알코리아(주),260401,엄마는외계인 프리팩,100ml,3239900,일산지역,159,1680,0,1486,353,1531,20260101,30,일반매장용품,빙과
지역재고현황,202606,3aq,비알코리아(주),260401,엄마는외계인 프리팩,100ml,3249900,벽제지역,243,1530,0,1493,280,1531,20260101,30,일반매장용품,빙과
지역재고현황,202606,3aq,비알코리아(주),260401,엄마는외계인 프리팩,100ml,3259900,(공)벽제분견반,21,90,0,64,47,1531,20260101,30,일반매장용품,빙과
지역재고현황,202606,3aq,비알코리아(주),260401,엄마는외계인 프리팩,100ml,3269900,인천지역,497,1800,0,1917,380,1531,20260101,30,일반매장용품,빙과
지역재고현황,202606,3aq,비알코리아(주),260401,엄마는외계인 프리팩,100ml,3289900,고양지역,304,1080,0,1065,319,1531,20260101,30,일반매장용품,빙과
지역재고현황,202606,3aq,비알코리아(주),260401,엄마는외계인 프리팩,100ml,3429900,과천지역,210,1890,0,1733,367,1531,20260101,30,일반매장용품,빙과
지역재고현황,202606,3aq,비알코리아(주),260401,엄마는외계인 프리팩,100ml,3449900,용인지역,428,2670,0,2625,473,1531,20260101,30,일반매장용품,빙과
지역재고현황,202606,3aq,비알코리아(주),260401,엄마는외계인 프리팩,100ml,3459900,(공)수원지역반,59,780,0,753,86,1531,20260101,30,일반매장용품,빙과
지역재고현황,202606,3aq,비알코리아(주),260401,엄마는외계인 프리팩,100ml,3469900,서울지역,304,2130,0,2048,386,1531,20260101,30,일반매장용품,빙과
지역재고현황,202606,3aq,비알코리아(주),260401,엄마는외계인 프리팩,100ml,3479900,강북지역,362,1680,0,1667,375,1531,20260101,30,일반매장용품,빙과
지역재고현황,202606,3aq,비알코리아(주),260401,엄마는외계인 프리팩,100ml,3499900,(공)서울공군지역반,111,1470,0,1396,185,1531,20260101,30,일반매장용품,빙과
지역재고현황,202606,3aq,비알코리아(주),260401,엄마는외계인 프리팩,100ml,4019900,부산경남지역대,281,1200,0,1098,383,1531,20260101,30,일반매장용품,빙과
지역재고현황,202606,3aq,비알코리아(주),260401,엄마는외계인 프리팩,100ml,4029900,창원지역,455,780,0,855,380,1531,20260101,30,일반매장용품,빙과
지역재고현황,202606,3aq,비알코리아(주),260401,엄마는외계인 프리팩,100ml,4039900,(공)3지구대(사천),70,210,0,249,31,1531,20260101,30,일반매장용품,빙과
지역재고현황,202606,3aq,비알코리아(주),260401,엄마는외계인 프리팩,100ml,4049900,(공)5지구대(김해),26,810,0,681,155,1531,20260101,30,일반매장용품,빙과
지역재고현황,202606,3aq,비알코리아(주),260401,엄마는외계인 프리팩,100ml,4059900,(공)교육사지구대(진주),26,360,0,318,68,1531,20260101,30,일반매장용품,빙과
지역재고현황,202606,3aq,비알코리아(주),260401,엄마는외계인 프리팩,100ml,4069900,(해)부산지구대,159,480,0,595,44,1531,20260101,30,일반매장용품,빙과
지역재고현황,202606,3aq,비알코리아(주),260401,엄마는외계인 프리팩,100ml,4079900,(해)부산진해지구대,30,360,0,303,87,1531,20260101,30,일반매장용품,빙과
